"StateFIPS","State","CountyFIPS","County","Year","Value","Data Comment",
"01","Alabama","01001","Autauga","2020","56,145","",
"01","Alabama","01003","Baldwin","2020","229,287","",
"01","Alabama","01005","Barbour","2020","24,589","",
"01","Alabama","01007","Bibb","2020","22,136","",
"01","Alabama","01009","Blount","2020","57,879","",
"01","Alabama","01011","Bullock","2020","9,976","",
"01","Alabama","01013","Butler","2020","19,504","",
"01","Alabama","01015","Calhoun","2020","113,469","",
"01","Alabama","01017","Chambers","2020","32,865","",
"01","Alabama","01019","Cherokee","2020","26,294","",
"01","Alabama","01021","Chilton","2020","44,397","",
"01","Alabama","01023","Choctaw","2020","12,418","",
"01","Alabama","01025","Clarke","2020","23,291","",
"01","Alabama","01027","Clay","2020","13,112","",
"01","Alabama","01029","Cleburne","2020","14,967","",
"01","Alabama","01031","Coffee","2020","53,230","",
"01","Alabama","01033","Colbert","2020","55,411","",
"01","Alabama","01035","Conecuh","2020","11,851","",
"01","Alabama","01037","Coosa","2020","10,650","",
"01","Alabama","01039","Covington","2020","36,930","",
"01","Alabama","01041","Crenshaw","2020","13,681","",
"01","Alabama","01043","Cullman","2020","84,515","",
"01","Alabama","01045","Dale","2020","48,959","",
"01","Alabama","01047","Dallas","2020","36,098","",
"01","Alabama","01049","DeKalb","2020","71,658","",
"01","Alabama","01051","Elmore","2020","82,158","",
"01","Alabama","01053","Escambia","2020","36,281","",
"01","Alabama","01055","Etowah","2020","102,371","",
"01","Alabama","01057","Fayette","2020","16,241","",
"01","Alabama","01059","Franklin","2020","31,507","",
"01","Alabama","01061","Geneva","2020","26,411","",
"01","Alabama","01063","Greene","2020","7,990","",
"01","Alabama","01065","Hale","2020","14,670","",
"01","Alabama","01067","Henry","2020","17,223","",
"01","Alabama","01069","Houston","2020","106,580","",
"01","Alabama","01071","Jackson","2020","51,582","",
"01","Alabama","01073","Jefferson","2020","655,342","",
"01","Alabama","01075","Lamar","2020","13,764","",
"01","Alabama","01077","Lauderdale","2020","93,368","",
"01","Alabama","01079","Lawrence","2020","32,857","",
"01","Alabama","01081","Lee","2020","166,831","",
"01","Alabama","01083","Limestone","2020","102,228","",
"01","Alabama","01085","Lowndes","2020","9,641","",
"01","Alabama","01087","Macon","2020","17,895","",
"01","Alabama","01089","Madison","2020","379,453","",
"01","Alabama","01091","Marengo","2020","18,733","",
"01","Alabama","01093","Marion","2020","29,703","",
"01","Alabama","01095","Marshall","2020","96,990","",
"01","Alabama","01097","Mobile","2020","412,716","",
"01","Alabama","01099","Monroe","2020","20,459","",
"01","Alabama","01101","Montgomery","2020","224,639","",
"01","Alabama","01103","Morgan","2020","119,883","",
"01","Alabama","01105","Perry","2020","8,687","",
"01","Alabama","01107","Pickens","2020","19,793","",
"01","Alabama","01109","Pike","2020","32,966","",
"01","Alabama","01111","Randolph","2020","22,920","",
"01","Alabama","01113","Russell","2020","58,237","",
"01","Alabama","01117","Shelby","2020","221,428","",
"01","Alabama","01115","St. Clair","2020","90,739","",
"01","Alabama","01119","Sumter","2020","12,225","",
"01","Alabama","01121","Talladega","2020","79,985","",
"01","Alabama","01123","Tallapoosa","2020","40,133","",
"01","Alabama","01125","Tuscaloosa","2020","210,758","",
"01","Alabama","01127","Walker","2020","63,143","",
"01","Alabama","01129","Washington","2020","15,976","",
"01","Alabama","01131","Wilcox","2020","10,206","",
"01","Alabama","01133","Winston","2020","23,508","",
"02","Alaska","02013","Aleutians East","2020","3,401","",
"02","Alaska","02016","Aleutians West","2020","5,680","",
"02","Alaska","02020","Anchorage","2020","287,095","",
"02","Alaska","02050","Bethel","2020","18,437","",
"02","Alaska","02060","Bristol Bay","2020","788","",
"02","Alaska","02068","Denali","2020","2,081","",
"02","Alaska","02070","Dillingham","2020","4,833","",
"02","Alaska","02090","Fairbanks North Star","2020","95,651","",
"02","Alaska","02100","Haines","2020","2,614","",
"02","Alaska","02105","HOONAH-ANGOON CENSUS AREA","2020","2,141","",
"02","Alaska","02110","Juneau","2020","31,849","",
"02","Alaska","02122","Kenai Peninsula","2020","59,414","",
"02","Alaska","02130","Ketchikan Gateway","2020","13,747","",
"02","Alaska","02150","Kodiak Island","2020","12,992","",
"02","Alaska","02164","Lake and Peninsula","2020","1,493","",
"02","Alaska","02170","Matanuska-Susitna","2020","110,213","",
"02","Alaska","02180","Nome","2020","9,909","",
"02","Alaska","02185","North Slope","2020","9,294","",
"02","Alaska","02188","Northwest Arctic","2020","7,644","",
"02","Alaska","02195","PETERSBURG CENSUS AREA","2020","3,296","",
"02","Alaska","02198","PRINCE OF WALES-HYDER CENSUS AREA","2020","6,147","",
"02","Alaska","02220","Sitka","2020","8,405","",
"02","Alaska","02230","SKAGWAY MUNICIPALITY","2020","1,179","",
"02","Alaska","02240","Southeast Fairbanks","2020","6,957","",
"02","Alaska","02261","Valdez-Cordova","2020","9,346","",
"02","Alaska","02270","Wade Hampton","2020","8,328","",
"02","Alaska","02275","WRANGELL CITY AND BURROUGH","2020","2,510","",
"02","Alaska","02282","Yakutat","2020","637","",
"02","Alaska","02290","Yukon-Koyukuk","2020","5,077","",
"04","Arizona","04001","Apache","2020","71,875","",
"04","Arizona","04003","Cochise","2020","127,450","",
"04","Arizona","04005","Coconino","2020","142,481","",
"04","Arizona","04007","Gila","2020","54,303","",
"04","Arizona","04009","Graham","2020","39,211","",
"04","Arizona","04011","Greenlee","2020","9,341","",
"04","Arizona","04012","La Paz","2020","21,480","",
"04","Arizona","04013","Maricopa","2020","4,579,081","",
"04","Arizona","04015","Mohave","2020","217,206","",
"04","Arizona","04017","Navajo","2020","112,112","",
"04","Arizona","04019","Pima","2020","1,061,175","",
"04","Arizona","04021","Pinal","2020","480,828","",
"04","Arizona","04023","Santa Cruz","2020","46,808","",
"04","Arizona","04025","Yavapai","2020","240,226","",
"04","Arizona","04027","Yuma","2020","217,824","",
"05","Arkansas","05001","Arkansas","2020","17,383","",
"05","Arkansas","05003","Ashley","2020","19,339","",
"05","Arkansas","05005","Baxter","2020","42,242","",
"05","Arkansas","05007","Benton","2020","288,774","",
"05","Arkansas","05009","Boone","2020","37,625","",
"05","Arkansas","05011","Bradley","2020","10,639","",
"05","Arkansas","05013","Calhoun","2020","5,113","",
"05","Arkansas","05015","Carroll","2020","28,276","",
"05","Arkansas","05017","Chicot","2020","9,924","",
"05","Arkansas","05019","Clark","2020","22,103","",
"05","Arkansas","05021","Clay","2020","14,375","",
"05","Arkansas","05023","Cleburne","2020","24,935","",
"05","Arkansas","05025","Cleveland","2020","7,957","",
"05","Arkansas","05027","Columbia","2020","23,331","",
"05","Arkansas","05029","Conway","2020","21,037","",
"05","Arkansas","05031","Craighead","2020","112,245","",
"05","Arkansas","05033","Crawford","2020","63,409","",
"05","Arkansas","05035","Crittenden","2020","47,616","",
"05","Arkansas","05037","Cross","2020","16,142","",
"05","Arkansas","05039","Dallas","2020","6,802","",
"05","Arkansas","05041","Desha","2020","11,110","",
"05","Arkansas","05043","Drew","2020","17,977","",
"05","Arkansas","05045","Faulkner","2020","126,919","",
"05","Arkansas","05047","Franklin","2020","17,897","",
"05","Arkansas","05049","Fulton","2020","12,381","",
"05","Arkansas","05051","Garland","2020","99,789","",
"05","Arkansas","05053","Grant","2020","18,449","",
"05","Arkansas","05055","Greene","2020","45,597","",
"05","Arkansas","05057","Hempstead","2020","21,253","",
"05","Arkansas","05059","Hot Spring","2020","33,787","",
"05","Arkansas","05061","Howard","2020","13,109","",
"05","Arkansas","05063","Independence","2020","37,757","",
"05","Arkansas","05065","Izard","2020","13,613","",
"05","Arkansas","05067","Jackson","2020","16,636","",
"05","Arkansas","05069","Jefferson","2020","65,377","",
"05","Arkansas","05071","Johnson","2020","26,513","",
"05","Arkansas","05073","Lafayette","2020","6,596","",
"05","Arkansas","05075","Lawrence","2020","16,410","",
"05","Arkansas","05077","Lee","2020","8,513","",
"05","Arkansas","05079","Lincoln","2020","12,944","",
"05","Arkansas","05081","Little River","2020","12,180","",
"05","Arkansas","05083","Logan","2020","21,410","",
"05","Arkansas","05085","Lonoke","2020","73,921","",
"05","Arkansas","05087","Madison","2020","16,644","",
"05","Arkansas","05089","Marion","2020","16,790","",
"05","Arkansas","05091","Miller","2020","43,177","",
"05","Arkansas","05093","Mississippi","2020","40,066","",
"05","Arkansas","05095","Monroe","2020","6,584","",
"05","Arkansas","05097","Montgomery","2020","9,006","",
"05","Arkansas","05099","Nevada","2020","8,099","",
"05","Arkansas","05101","Newton","2020","7,602","",
"05","Arkansas","05103","Ouachita","2020","23,167","",
"05","Arkansas","05105","Perry","2020","10,327","",
"05","Arkansas","05107","Phillips","2020","17,299","",
"05","Arkansas","05109","Pike","2020","10,643","",
"05","Arkansas","05111","Poinsett","2020","23,283","",
"05","Arkansas","05113","Polk","2020","19,707","",
"05","Arkansas","05115","Pope","2020","64,334","",
"05","Arkansas","05117","Prairie","2020","7,966","",
"05","Arkansas","05119","Pulaski","2020","392,980","",
"05","Arkansas","05121","Randolph","2020","18,247","",
"05","Arkansas","05125","Saline","2020","123,968","",
"05","Arkansas","05127","Scott","2020","10,164","",
"05","Arkansas","05129","Searcy","2020","7,842","",
"05","Arkansas","05131","Sebastian","2020","127,590","",
"05","Arkansas","05133","Sevier","2020","16,702","",
"05","Arkansas","05135","Sharp","2020","17,424","",
"05","Arkansas","05123","St. Francis","2020","24,682","",
"05","Arkansas","05137","Stone","2020","12,674","",
"05","Arkansas","05139","Union","2020","38,219","",
"05","Arkansas","05141","Van Buren","2020","16,541","",
"05","Arkansas","05143","Washington","2020","243,216","",
"05","Arkansas","05145","White","2020","78,729","",
"05","Arkansas","05147","Woodruff","2020","6,264","",
"05","Arkansas","05149","Yell","2020","21,181","",
"06","California","06001","Alameda","2020","1,662,323","",
"06","California","06003","Alpine","2020","1,119","",
"06","California","06005","Amador","2020","40,083","",
"06","California","06007","Butte","2020","212,744","",
"06","California","06009","Calaveras","2020","46,308","",
"06","California","06011","Colusa","2020","21,558","",
"06","California","06013","Contra Costa","2020","1,152,333","",
"06","California","06015","Del Norte","2020","27,968","",
"06","California","06017","El Dorado","2020","192,925","",
"06","California","06019","Fresno","2020","1,000,918","",
"06","California","06021","Glenn","2020","28,283","",
"06","California","06023","Humboldt","2020","134,977","",
"06","California","06025","Imperial","2020","180,267","",
"06","California","06027","Inyo","2020","18,046","",
"06","California","06029","Kern","2020","901,362","",
"06","California","06031","Kings","2020","152,692","",
"06","California","06033","Lake","2020","64,479","",
"06","California","06035","Lassen","2020","30,016","",
"06","California","06037","Los Angeles","2020","9,943,046","",
"06","California","06039","Madera","2020","157,761","",
"06","California","06041","Marin","2020","257,332","",
"06","California","06043","Mariposa","2020","17,160","",
"06","California","06045","Mendocino","2020","86,061","",
"06","California","06047","Merced","2020","279,252","",
"06","California","06049","Modoc","2020","8,763","",
"06","California","06051","Mono","2020","14,534","",
"06","California","06053","Monterey","2020","430,906","",
"06","California","06055","Napa","2020","135,965","",
"06","California","06057","Nevada","2020","99,606","",
"06","California","06059","Orange","2020","3,166,857","",
"06","California","06061","Placer","2020","402,950","",
"06","California","06063","Plumas","2020","18,967","",
"06","California","06065","Riverside","2020","2,489,188","",
"06","California","06067","Sacramento","2020","1,559,146","",
"06","California","06069","San Benito","2020","64,055","",
"06","California","06071","San Bernardino","2020","2,189,183","",
"06","California","06073","San Diego","2020","3,332,427","",
"06","California","06075","San Francisco","2020","866,606","",
"06","California","06077","San Joaquin","2020","767,967","",
"06","California","06079","San Luis Obispo","2020","282,249","",
"06","California","06081","San Mateo","2020","758,308","",
"06","California","06083","Santa Barbara","2020","444,766","",
"06","California","06085","Santa Clara","2020","1,907,105","",
"06","California","06087","Santa Cruz","2020","269,925","",
"06","California","06089","Shasta","2020","179,027","",
"06","California","06091","Sierra","2020","2,920","",
"06","California","06093","Siskiyou","2020","43,245","",
"06","California","06095","Solano","2020","446,935","",
"06","California","06097","Sonoma","2020","489,819","",
"06","California","06099","Stanislaus","2020","550,081","",
"06","California","06101","Sutter","2020","96,385","",
"06","California","06103","Tehama","2020","64,494","",
"06","California","06105","Trinity","2020","12,216","",
"06","California","06107","Tulare","2020","468,680","",
"06","California","06109","Tuolumne","2020","54,515","",
"06","California","06111","Ventura","2020","841,387","",
"06","California","06113","Yolo","2020","219,728","",
"06","California","06115","Yuba","2020","80,160","",
"08","Colorado","08001","Adams","2020","519,883","",
"08","Colorado","08003","Alamosa","2020","16,180","",
"08","Colorado","08005","Arapahoe","2020","657,452","",
"08","Colorado","08007","Archuleta","2020","14,196","",
"08","Colorado","08009","Baca","2020","3,555","",
"08","Colorado","08011","Bent","2020","5,356","",
"08","Colorado","08013","Boulder","2020","327,171","",
"08","Colorado","08014","Broomfield","2020","72,236","",
"08","Colorado","08015","Chaffee","2020","20,661","",
"08","Colorado","08017","Cheyenne","2020","1,795","",
"08","Colorado","08019","Clear Creek","2020","9,586","",
"08","Colorado","08021","Conejos","2020","8,143","",
"08","Colorado","08023","Costilla","2020","3,921","",
"08","Colorado","08025","Crowley","2020","5,696","",
"08","Colorado","08027","Custer","2020","5,183","",
"08","Colorado","08029","Delta","2020","31,067","",
"08","Colorado","08031","Denver","2020","735,538","",
"08","Colorado","08033","Dolores","2020","2,096","",
"08","Colorado","08035","Douglas","2020","360,750","",
"08","Colorado","08037","Eagle","2020","54,929","",
"08","Colorado","08041","El Paso","2020","728,310","",
"08","Colorado","08039","Elbert","2020","27,313","",
"08","Colorado","08043","Fremont","2020","47,867","",
"08","Colorado","08045","Garfield","2020","60,366","",
"08","Colorado","08047","Gilpin","2020","6,235","",
"08","Colorado","08049","Grand","2020","15,794","",
"08","Colorado","08051","Gunnison","2020","17,593","",
"08","Colorado","08053","Hinsdale","2020","808","",
"08","Colorado","08055","Huerfano","2020","6,883","",
"08","Colorado","08057","Jackson","2020","1,389","",
"08","Colorado","08059","Jefferson","2020","583,283","",
"08","Colorado","08061","Kiowa","2020","1,458","",
"08","Colorado","08063","Kit Carson","2020","7,121","",
"08","Colorado","08067","La Plata","2020","56,564","",
"08","Colorado","08065","Lake","2020","7,987","",
"08","Colorado","08069","Larimer","2020","360,428","",
"08","Colorado","08071","Las Animas","2020","14,420","",
"08","Colorado","08073","Lincoln","2020","5,680","",
"08","Colorado","08075","Logan","2020","21,974","",
"08","Colorado","08077","Mesa","2020","155,603","",
"08","Colorado","08079","Mineral","2020","773","",
"08","Colorado","08081","Moffat","2020","13,144","",
"08","Colorado","08083","Montezuma","2020","26,408","",
"08","Colorado","08085","Montrose","2020","43,322","",
"08","Colorado","08087","Morgan","2020","28,941","",
"08","Colorado","08089","Otero","2020","18,201","",
"08","Colorado","08091","Ouray","2020","5,001","",
"08","Colorado","08093","Park","2020","18,955","",
"08","Colorado","08095","Phillips","2020","4,367","",
"08","Colorado","08097","Pitkin","2020","17,894","",
"08","Colorado","08099","Prowers","2020","12,106","",
"08","Colorado","08101","Pueblo","2020","169,823","",
"08","Colorado","08103","Rio Blanco","2020","6,342","",
"08","Colorado","08105","Rio Grande","2020","11,296","",
"08","Colorado","08107","Routt","2020","25,560","",
"08","Colorado","08109","Saguache","2020","6,938","",
"08","Colorado","08111","San Juan","2020","748","",
"08","Colorado","08113","San Miguel","2020","8,105","",
"08","Colorado","08115","Sedgwick","2020","2,260","",
"08","Colorado","08117","Summit","2020","30,631","",
"08","Colorado","08119","Teller","2020","25,529","",
"08","Colorado","08121","Washington","2020","4,875","",
"08","Colorado","08123","Weld","2020","333,983","",
"08","Colorado","08125","Yuma","2020","10,047","",
"09","Connecticut","09001","Fairfield","2020","942,426","",
"09","Connecticut","09003","Hartford","2020","889,226","",
"09","Connecticut","09005","Litchfield","2020","179,610","",
"09","Connecticut","09007","Middlesex","2020","161,657","",
"09","Connecticut","09009","New Haven","2020","851,948","",
"09","Connecticut","09011","New London","2020","264,999","",
"09","Connecticut","09013","Tolland","2020","150,600","",
"09","Connecticut","09015","Windham","2020","116,540","",
"10","Delaware","10001","Kent","2020","183,643","",
"10","Delaware","10003","New Castle","2020","561,531","",
"10","Delaware","10005","Sussex","2020","241,635","",
"11","District of Columbia","11001","District of Columbia","2020","712,816","",
"12","Florida","12001","Alachua","2020","271,218","",
"12","Florida","12003","Baker","2020","29,566","",
"12","Florida","12005","Bay","2020","171,322","",
"12","Florida","12007","Bradford","2020","28,593","",
"12","Florida","12009","Brevard","2020","608,459","",
"12","Florida","12011","Broward","2020","1,958,105","",
"12","Florida","12013","Calhoun","2020","14,078","",
"12","Florida","12015","Charlotte","2020","194,711","",
"12","Florida","12017","Citrus","2020","153,010","",
"12","Florida","12019","Clay","2020","221,770","",
"12","Florida","12021","Collier","2020","392,973","",
"12","Florida","12023","Columbia","2020","72,654","",
"12","Florida","12027","DeSoto","2020","38,520","",
"12","Florida","12029","Dixie","2020","17,057","",
"12","Florida","12031","Duval","2020","966,728","",
"12","Florida","12033","Escambia","2020","322,364","",
"12","Florida","12035","Flagler","2020","118,451","",
"12","Florida","12037","Franklin","2020","12,201","",
"12","Florida","12039","Gadsden","2020","45,277","",
"12","Florida","12041","Gilchrist","2020","18,885","",
"12","Florida","12043","Glades","2020","14,198","",
"12","Florida","12045","Gulf","2020","13,534","",
"12","Florida","12047","Hamilton","2020","14,521","",
"12","Florida","12049","Hardee","2020","26,822","",
"12","Florida","12051","Hendry","2020","42,813","",
"12","Florida","12053","Hernando","2020","198,792","",
"12","Florida","12055","Highlands","2020","106,639","",
"12","Florida","12057","Hillsborough","2020","1,497,957","",
"12","Florida","12059","Holmes","2020","19,594","",
"12","Florida","12061","Indian River","2020","162,518","",
"12","Florida","12063","Jackson","2020","46,085","",
"12","Florida","12065","Jefferson","2020","14,543","",
"12","Florida","12067","Lafayette","2020","8,482","",
"12","Florida","12069","Lake","2020","375,492","",
"12","Florida","12071","Lee","2020","790,767","",
"12","Florida","12073","Leon","2020","295,460","",
"12","Florida","12075","Levy","2020","42,214","",
"12","Florida","12077","Liberty","2020","8,364","",
"12","Florida","12079","Madison","2020","18,707","",
"12","Florida","12081","Manatee","2020","411,219","",
"12","Florida","12083","Marion","2020","373,513","",
"12","Florida","12085","Martin","2020","162,088","",
"12","Florida","12086","Miami-Dade","2020","2,707,303","",
"12","Florida","12087","Monroe","2020","73,900","",
"12","Florida","12089","Nassau","2020","91,113","",
"12","Florida","12091","Okaloosa","2020","212,820","",
"12","Florida","12093","Okeechobee","2020","42,297","",
"12","Florida","12095","Orange","2020","1,404,396","",
"12","Florida","12097","Osceola","2020","385,315","",
"12","Florida","12099","Palm Beach","2020","1,507,600","",
"12","Florida","12101","Pasco","2020","570,412","",
"12","Florida","12103","Pinellas","2020","976,802","",
"12","Florida","12105","Polk","2020","744,552","",
"12","Florida","12107","Putnam","2020","74,815","",
"12","Florida","12113","Santa Rosa","2020","189,139","",
"12","Florida","12115","Sarasota","2020","443,465","",
"12","Florida","12117","Seminole","2020","474,171","",
"12","Florida","12109","St. Johns","2020","278,715","",
"12","Florida","12111","St. Lucie","2020","337,186","",
"12","Florida","12119","Sumter","2020","139,018","",
"12","Florida","12121","Suwannee","2020","44,851","",
"12","Florida","12123","Taylor","2020","21,600","",
"12","Florida","12125","Union","2020","15,182","",
"12","Florida","12127","Volusia","2020","561,497","",
"12","Florida","12129","Wakulla","2020","34,319","",
"12","Florida","12131","Walton","2020","76,648","",
"12","Florida","12133","Washington","2020","25,932","",
"13","Georgia","13001","Appling","2020","18,325","",
"13","Georgia","13003","Atkinson","2020","8,393","",
"13","Georgia","13005","Bacon","2020","11,036","",
"13","Georgia","13007","Baker","2020","2,971","",
"13","Georgia","13009","Baldwin","2020","45,099","",
"13","Georgia","13011","Banks","2020","19,352","",
"13","Georgia","13013","Barrow","2020","85,588","",
"13","Georgia","13015","Bartow","2020","109,426","",
"13","Georgia","13017","Ben Hill","2020","16,614","",
"13","Georgia","13019","Berrien","2020","19,408","",
"13","Georgia","13021","Bibb","2020","152,737","",
"13","Georgia","13023","Bleckley","2020","12,955","",
"13","Georgia","13025","Brantley","2020","19,202","",
"13","Georgia","13027","Brooks","2020","15,357","",
"13","Georgia","13029","Bryan","2020","40,755","",
"13","Georgia","13031","Bulloch","2020","80,839","",
"13","Georgia","13033","Burke","2020","22,648","",
"13","Georgia","13035","Butts","2020","25,426","",
"13","Georgia","13037","Calhoun","2020","6,231","",
"13","Georgia","13039","Camden","2020","55,388","",
"13","Georgia","13043","Candler","2020","10,985","",
"13","Georgia","13045","Carroll","2020","121,633","",
"13","Georgia","13047","Catoosa","2020","67,996","",
"13","Georgia","13049","Charlton","2020","13,430","",
"13","Georgia","13051","Chatham","2020","289,463","",
"13","Georgia","13053","Chattahoochee","2020","10,551","",
"13","Georgia","13055","Chattooga","2020","24,843","",
"13","Georgia","13057","Cherokee","2020","265,274","",
"13","Georgia","13059","Clarke","2020","127,795","",
"13","Georgia","13061","Clay","2020","2,866","",
"13","Georgia","13063","Clayton","2020","292,646","",
"13","Georgia","13065","Clinch","2020","6,582","",
"13","Georgia","13067","Cobb","2020","762,944","",
"13","Georgia","13069","Coffee","2020","43,218","",
"13","Georgia","13071","Colquitt","2020","45,542","",
"13","Georgia","13073","Columbia","2020","160,377","",
"13","Georgia","13075","Cook","2020","17,291","",
"13","Georgia","13077","Coweta","2020","150,849","",
"13","Georgia","13079","Crawford","2020","12,231","",
"13","Georgia","13081","Crisp","2020","22,034","",
"13","Georgia","13083","Dade","2020","16,057","",
"13","Georgia","13085","Dawson","2020","27,113","",
"13","Georgia","13087","Decatur","2020","26,457","",
"13","Georgia","13089","DeKalb","2020","762,009","",
"13","Georgia","13091","Dodge","2020","20,452","",
"13","Georgia","13093","Dooly","2020","13,174","",
"13","Georgia","13095","Dougherty","2020","86,477","",
"13","Georgia","13097","Douglas","2020","147,988","",
"13","Georgia","13099","Early","2020","10,037","",
"13","Georgia","13101","Echols","2020","4,002","",
"13","Georgia","13103","Effingham","2020","65,765","",
"13","Georgia","13105","Elbert","2020","19,335","",
"13","Georgia","13107","Emanuel","2020","22,507","",
"13","Georgia","13109","Evans","2020","10,638","",
"13","Georgia","13111","Fannin","2020","26,521","",
"13","Georgia","13113","Fayette","2020","115,821","",
"13","Georgia","13115","Floyd","2020","98,604","",
"13","Georgia","13117","Forsyth","2020","250,847","",
"13","Georgia","13119","Franklin","2020","23,504","",
"13","Georgia","13121","Fulton","2020","1,077,402","",
"13","Georgia","13123","Gilmer","2020","31,978","",
"13","Georgia","13125","Glascock","2020","2,984","",
"13","Georgia","13127","Glynn","2020","85,568","",
"13","Georgia","13129","Gordon","2020","58,780","",
"13","Georgia","13131","Grady","2020","24,491","",
"13","Georgia","13133","Greene","2020","18,837","",
"13","Georgia","13135","Gwinnett","2020","942,627","",
"13","Georgia","13137","Habersham","2020","46,047","",
"13","Georgia","13139","Hall","2020","206,591","",
"13","Georgia","13141","Hancock","2020","8,494","",
"13","Georgia","13143","Haralson","2020","30,383","",
"13","Georgia","13145","Harris","2020","36,080","",
"13","Georgia","13147","Hart","2020","26,406","",
"13","Georgia","13149","Heard","2020","11,973","",
"13","Georgia","13151","Henry","2020","239,139","",
"13","Georgia","13153","Houston","2020","160,110","",
"13","Georgia","13155","Irwin","2020","9,387","",
"13","Georgia","13157","Jackson","2020","76,199","",
"13","Georgia","13159","Jasper","2020","14,483","",
"13","Georgia","13161","Jeff Davis","2020","15,213","",
"13","Georgia","13163","Jefferson","2020","15,267","",
"13","Georgia","13165","Jenkins","2020","8,746","",
"13","Georgia","13167","Johnson","2020","9,667","",
"13","Georgia","13169","Jones","2020","28,787","",
"13","Georgia","13171","Lamar","2020","19,261","",
"13","Georgia","13173","Lanier","2020","10,737","",
"13","Georgia","13175","Laurens","2020","47,512","",
"13","Georgia","13177","Lee","2020","30,234","",
"13","Georgia","13179","Liberty","2020","63,004","",
"13","Georgia","13181","Lincoln","2020","8,031","",
"13","Georgia","13183","Long","2020","20,171","",
"13","Georgia","13185","Lowndes","2020","118,268","",
"13","Georgia","13187","Lumpkin","2020","34,186","",
"13","Georgia","13193","Macon","2020","12,712","",
"13","Georgia","13195","Madison","2020","30,457","",
"13","Georgia","13197","Marion","2020","8,516","",
"13","Georgia","13189","McDuffie","2020","21,162","",
"13","Georgia","13191","McIntosh","2020","14,387","",
"13","Georgia","13199","Meriwether","2020","21,164","",
"13","Georgia","13201","Miller","2020","5,622","",
"13","Georgia","13205","Mitchell","2020","21,602","",
"13","Georgia","13207","Monroe","2020","28,042","",
"13","Georgia","13209","Montgomery","2020","9,012","",
"13","Georgia","13211","Morgan","2020","19,636","",
"13","Georgia","13213","Murray","2020","40,032","",
"13","Georgia","13215","Muscogee","2020","196,442","",
"13","Georgia","13217","Newton","2020","113,295","",
"13","Georgia","13219","Oconee","2020","41,124","",
"13","Georgia","13221","Oglethorpe","2020","15,383","",
"13","Georgia","13223","Paulding","2020","173,359","",
"13","Georgia","13225","Peach","2020","27,950","",
"13","Georgia","13227","Pickens","2020","33,127","",
"13","Georgia","13229","Pierce","2020","19,522","",
"13","Georgia","13231","Pike","2020","19,121","",
"13","Georgia","13233","Polk","2020","42,840","",
"13","Georgia","13235","Pulaski","2020","11,191","",
"13","Georgia","13237","Putnam","2020","22,520","",
"13","Georgia","13239","Quitman","2020","2,271","",
"13","Georgia","13241","Rabun","2020","17,273","",
"13","Georgia","13243","Randolph","2020","6,682","",
"13","Georgia","13245","Richmond","2020","202,079","",
"13","Georgia","13247","Rockdale","2020","90,939","",
"13","Georgia","13249","Schley","2020","5,196","",
"13","Georgia","13251","Screven","2020","14,012","",
"13","Georgia","13253","Seminole","2020","8,060","",
"13","Georgia","13255","Spalding","2020","67,414","",
"13","Georgia","13257","Stephens","2020","26,107","",
"13","Georgia","13259","Stewart","2020","6,689","",
"13","Georgia","13261","Sumter","2020","29,282","",
"13","Georgia","13263","Talbot","2020","6,143","",
"13","Georgia","13265","Taliaferro","2020","1,562","",
"13","Georgia","13267","Tattnall","2020","25,365","",
"13","Georgia","13269","Taylor","2020","8,074","",
"13","Georgia","13271","Telfair","2020","15,781","",
"13","Georgia","13273","Terrell","2020","8,523","",
"13","Georgia","13275","Thomas","2020","44,372","",
"13","Georgia","13277","Tift","2020","40,719","",
"13","Georgia","13279","Toombs","2020","26,973","",
"13","Georgia","13281","Towns","2020","12,247","",
"13","Georgia","13283","Treutlen","2020","6,822","",
"13","Georgia","13285","Troup","2020","70,214","",
"13","Georgia","13287","Turner","2020","7,882","",
"13","Georgia","13289","Twiggs","2020","8,103","",
"13","Georgia","13291","Union","2020","25,358","",
"13","Georgia","13293","Upson","2020","26,527","",
"13","Georgia","13295","Walker","2020","70,116","",
"13","Georgia","13297","Walton","2020","96,875","",
"13","Georgia","13299","Ware","2020","35,826","",
"13","Georgia","13301","Warren","2020","5,232","",
"13","Georgia","13303","Washington","2020","20,150","",
"13","Georgia","13305","Wayne","2020","30,023","",
"13","Georgia","13307","Webster","2020","2,595","",
"13","Georgia","13309","Wheeler","2020","7,751","",
"13","Georgia","13311","White","2020","31,094","",
"13","Georgia","13313","Whitfield","2020","103,837","",
"13","Georgia","13315","Wilcox","2020","8,502","",
"13","Georgia","13317","Wilkes","2020","9,694","",
"13","Georgia","13319","Wilkinson","2020","8,812","",
"13","Georgia","13321","Worth","2020","19,972","",
"15","Hawaii","15001","Hawaii","2020","203,340","",
"15","Hawaii","15003","Honolulu","2020","963,826","",
"15","Hawaii","15005","Kalawao","2020","87","",
"15","Hawaii","15007","Kauai","2020","71,851","",
"15","Hawaii","15009","Maui","2020","167,902","",
"16","Idaho","16001","Ada","2020","494,399","",
"16","Idaho","16003","Adams","2020","4,447","",
"16","Idaho","16005","Bannock","2020","88,795","",
"16","Idaho","16007","Bear Lake","2020","6,143","",
"16","Idaho","16009","Benewah","2020","9,430","",
"16","Idaho","16011","Bingham","2020","47,202","",
"16","Idaho","16013","Blaine","2020","23,426","",
"16","Idaho","16015","Boise","2020","8,065","",
"16","Idaho","16017","Bonner","2020","46,817","",
"16","Idaho","16019","Bonneville","2020","122,134","",
"16","Idaho","16021","Boundary","2020","12,656","",
"16","Idaho","16023","Butte","2020","2,646","",
"16","Idaho","16025","Camas","2020","1,130","",
"16","Idaho","16027","Canyon","2020","237,053","",
"16","Idaho","16029","Caribou","2020","7,123","",
"16","Idaho","16031","Cassia","2020","24,277","",
"16","Idaho","16033","Clark","2020","852","",
"16","Idaho","16035","Clearwater","2020","8,846","",
"16","Idaho","16037","Custer","2020","4,249","",
"16","Idaho","16039","Elmore","2020","27,448","",
"16","Idaho","16041","Franklin","2020","14,215","",
"16","Idaho","16043","Fremont","2020","13,218","",
"16","Idaho","16045","Gem","2020","18,703","",
"16","Idaho","16047","Gooding","2020","15,618","",
"16","Idaho","16049","Idaho","2020","16,823","",
"16","Idaho","16051","Jefferson","2020","30,581","",
"16","Idaho","16053","Jerome","2020","24,578","",
"16","Idaho","16055","Kootenai","2020","170,628","",
"16","Idaho","16057","Latah","2020","40,830","",
"16","Idaho","16059","Lemhi","2020","8,054","",
"16","Idaho","16061","Lewis","2020","3,838","",
"16","Idaho","16063","Lincoln","2020","5,358","",
"16","Idaho","16065","Madison","2020","40,318","",
"16","Idaho","16067","Minidoka","2020","21,216","",
"16","Idaho","16069","Nez Perce","2020","40,755","",
"16","Idaho","16071","Oneida","2020","4,520","",
"16","Idaho","16073","Owyhee","2020","12,133","",
"16","Idaho","16075","Payette","2020","24,771","",
"16","Idaho","16077","Power","2020","7,643","",
"16","Idaho","16079","Shoshone","2020","12,911","",
"16","Idaho","16081","Teton","2020","12,501","",
"16","Idaho","16083","Twin Falls","2020","88,411","",
"16","Idaho","16085","Valley","2020","11,792","",
"16","Idaho","16087","Washington","2020","10,360","",
"17","Illinois","17001","Adams","2020","64,783","",
"17","Illinois","17003","Alexander","2020","5,497","",
"17","Illinois","17005","Bond","2020","16,262","",
"17","Illinois","17007","Boone","2020","52,777","",
"17","Illinois","17009","Brown","2020","6,546","",
"17","Illinois","17011","Bureau","2020","32,303","",
"17","Illinois","17013","Calhoun","2020","4,616","",
"17","Illinois","17015","Carroll","2020","14,241","",
"17","Illinois","17017","Cass","2020","11,925","",
"17","Illinois","17019","Champaign","2020","209,192","",
"17","Illinois","17021","Christian","2020","32,075","",
"17","Illinois","17023","Clark","2020","15,268","",
"17","Illinois","17025","Clay","2020","13,079","",
"17","Illinois","17027","Clinton","2020","37,398","",
"17","Illinois","17029","Coles","2020","50,383","",
"17","Illinois","17031","Cook","2020","5,108,284","",
"17","Illinois","17033","Crawford","2020","18,512","",
"17","Illinois","17035","Cumberland","2020","10,649","",
"17","Illinois","17039","De Witt","2020","15,368","",
"17","Illinois","17037","DeKalb","2020","104,491","",
"17","Illinois","17041","Douglas","2020","19,510","",
"17","Illinois","17043","DuPage","2020","917,481","",
"17","Illinois","17045","Edgar","2020","16,858","",
"17","Illinois","17047","Edwards","2020","6,356","",
"17","Illinois","17049","Effingham","2020","34,065","",
"17","Illinois","17051","Fayette","2020","21,264","",
"17","Illinois","17053","Ford","2020","12,949","",
"17","Illinois","17055","Franklin","2020","38,060","",
"17","Illinois","17057","Fulton","2020","33,690","",
"17","Illinois","17059","Gallatin","2020","4,793","",
"17","Illinois","17061","Greene","2020","12,702","",
"17","Illinois","17063","Grundy","2020","50,993","",
"17","Illinois","17065","Hamilton","2020","8,084","",
"17","Illinois","17067","Hancock","2020","17,422","",
"17","Illinois","17069","Hardin","2020","3,808","",
"17","Illinois","17071","Henderson","2020","6,535","",
"17","Illinois","17073","Henry","2020","48,411","",
"17","Illinois","17075","Iroquois","2020","26,711","",
"17","Illinois","17077","Jackson","2020","56,675","",
"17","Illinois","17079","Jasper","2020","9,465","",
"17","Illinois","17081","Jefferson","2020","37,235","",
"17","Illinois","17083","Jersey","2020","21,616","",
"17","Illinois","17085","Jo Daviess","2020","21,239","",
"17","Illinois","17087","Johnson","2020","12,358","",
"17","Illinois","17089","Kane","2020","531,010","",
"17","Illinois","17091","Kankakee","2020","108,594","",
"17","Illinois","17093","Kendall","2020","130,638","",
"17","Illinois","17095","Knox","2020","49,053","",
"17","Illinois","17099","La Salle","2020","107,571","",
"17","Illinois","17097","Lake","2020","693,593","",
"17","Illinois","17101","Lawrence","2020","15,467","",
"17","Illinois","17103","Lee","2020","33,647","",
"17","Illinois","17105","Livingston","2020","35,414","",
"17","Illinois","17107","Logan","2020","28,383","",
"17","Illinois","17115","Macon","2020","103,015","",
"17","Illinois","17117","Macoupin","2020","44,567","",
"17","Illinois","17119","Madison","2020","262,635","",
"17","Illinois","17121","Marion","2020","37,045","",
"17","Illinois","17123","Marshall","2020","11,309","",
"17","Illinois","17125","Mason","2020","13,173","",
"17","Illinois","17127","Massac","2020","13,636","",
"17","Illinois","17109","McDonough","2020","29,295","",
"17","Illinois","17111","McHenry","2020","305,888","",
"17","Illinois","17113","McLean","2020","171,256","",
"17","Illinois","17129","Menard","2020","12,068","",
"17","Illinois","17131","Mercer","2020","15,225","",
"17","Illinois","17133","Monroe","2020","34,739","",
"17","Illinois","17135","Montgomery","2020","28,045","",
"17","Illinois","17137","Morgan","2020","33,400","",
"17","Illinois","17139","Moultrie","2020","14,347","",
"17","Illinois","17141","Ogle","2020","50,306","",
"17","Illinois","17143","Peoria","2020","177,652","",
"17","Illinois","17145","Perry","2020","20,664","",
"17","Illinois","17147","Piatt","2020","16,355","",
"17","Illinois","17149","Pike","2020","15,239","",
"17","Illinois","17151","Pope","2020","4,142","",
"17","Illinois","17153","Pulaski","2020","5,201","",
"17","Illinois","17155","Putnam","2020","5,716","",
"17","Illinois","17157","Randolph","2020","31,351","",
"17","Illinois","17159","Richland","2020","15,507","",
"17","Illinois","17161","Rock Island","2020","140,907","",
"17","Illinois","17165","Saline","2020","23,182","",
"17","Illinois","17167","Sangamon","2020","193,882","",
"17","Illinois","17169","Schuyler","2020","6,738","",
"17","Illinois","17171","Scott","2020","4,950","",
"17","Illinois","17173","Shelby","2020","21,299","",
"17","Illinois","17163","St. Clair","2020","258,046","",
"17","Illinois","17175","Stark","2020","5,262","",
"17","Illinois","17177","Stephenson","2020","43,831","",
"17","Illinois","17179","Tazewell","2020","130,777","",
"17","Illinois","17181","Union","2020","16,498","",
"17","Illinois","17183","Vermilion","2020","74,855","",
"17","Illinois","17185","Wabash","2020","11,190","",
"17","Illinois","17187","Warren","2020","16,696","",
"17","Illinois","17189","Washington","2020","13,764","",
"17","Illinois","17191","Wayne","2020","16,031","",
"17","Illinois","17193","White","2020","13,364","",
"17","Illinois","17195","Whiteside","2020","54,656","",
"17","Illinois","17197","Will","2020","688,726","",
"17","Illinois","17199","Williamson","2020","66,415","",
"17","Illinois","17201","Winnebago","2020","281,295","",
"17","Illinois","17203","Woodford","2020","38,091","",
"18","Indiana","18001","Adams","2020","35,839","",
"18","Indiana","18003","Allen","2020","382,187","",
"18","Indiana","18005","Bartholomew","2020","84,447","",
"18","Indiana","18007","Benton","2020","8,741","",
"18","Indiana","18009","Blackford","2020","11,782","",
"18","Indiana","18011","Boone","2020","69,347","",
"18","Indiana","18013","Brown","2020","15,112","",
"18","Indiana","18015","Carroll","2020","20,228","",
"18","Indiana","18017","Cass","2020","37,388","",
"18","Indiana","18019","Clark","2020","119,266","",
"18","Indiana","18021","Clay","2020","26,246","",
"18","Indiana","18023","Clinton","2020","32,206","",
"18","Indiana","18025","Crawford","2020","10,629","",
"18","Indiana","18027","Daviess","2020","33,505","",
"18","Indiana","18029","Dearborn","2020","49,824","",
"18","Indiana","18031","Decatur","2020","26,584","",
"18","Indiana","18033","DeKalb","2020","43,670","",
"18","Indiana","18035","Delaware","2020","113,454","",
"18","Indiana","18037","Dubois","2020","42,542","",
"18","Indiana","18039","Elkhart","2020","206,161","",
"18","Indiana","18041","Fayette","2020","22,892","",
"18","Indiana","18043","Floyd","2020","78,936","",
"18","Indiana","18045","Fountain","2020","16,511","",
"18","Indiana","18047","Franklin","2020","22,761","",
"18","Indiana","18049","Fulton","2020","20,018","",
"18","Indiana","18051","Gibson","2020","33,825","",
"18","Indiana","18053","Grant","2020","65,225","",
"18","Indiana","18055","Greene","2020","32,203","",
"18","Indiana","18057","Hamilton","2020","344,238","",
"18","Indiana","18059","Hancock","2020","79,553","",
"18","Indiana","18061","Harrison","2020","40,682","",
"18","Indiana","18063","Hendricks","2020","173,251","",
"18","Indiana","18065","Henry","2020","48,033","",
"18","Indiana","18067","Howard","2020","82,732","",
"18","Indiana","18069","Huntington","2020","36,395","",
"18","Indiana","18071","Jackson","2020","44,222","",
"18","Indiana","18073","Jasper","2020","33,440","",
"18","Indiana","18075","Jay","2020","20,416","",
"18","Indiana","18077","Jefferson","2020","32,110","",
"18","Indiana","18079","Jennings","2020","27,515","",
"18","Indiana","18081","Johnson","2020","160,607","",
"18","Indiana","18083","Knox","2020","36,522","",
"18","Indiana","18085","Kosciusko","2020","78,988","",
"18","Indiana","18087","LaGrange","2020","40,119","",
"18","Indiana","18089","Lake","2020","487,536","",
"18","Indiana","18091","LaPorte","2020","109,663","",
"18","Indiana","18093","Lawrence","2020","45,496","",
"18","Indiana","18095","Madison","2020","129,681","",
"18","Indiana","18097","Marion","2020","966,183","",
"18","Indiana","18099","Marshall","2020","46,108","",
"18","Indiana","18101","Martin","2020","10,079","",
"18","Indiana","18103","Miami","2020","35,328","",
"18","Indiana","18105","Monroe","2020","148,219","",
"18","Indiana","18107","Montgomery","2020","38,365","",
"18","Indiana","18109","Morgan","2020","70,707","",
"18","Indiana","18111","Newton","2020","13,907","",
"18","Indiana","18113","Noble","2020","47,832","",
"18","Indiana","18115","Ohio","2020","5,892","",
"18","Indiana","18117","Orange","2020","19,651","",
"18","Indiana","18119","Owen","2020","20,833","",
"18","Indiana","18121","Parke","2020","16,871","",
"18","Indiana","18123","Perry","2020","19,154","",
"18","Indiana","18125","Pike","2020","12,378","",
"18","Indiana","18127","Porter","2020","170,980","",
"18","Indiana","18129","Posey","2020","25,275","",
"18","Indiana","18131","Pulaski","2020","12,388","",
"18","Indiana","18133","Putnam","2020","37,469","",
"18","Indiana","18135","Randolph","2020","24,191","",
"18","Indiana","18137","Ripley","2020","28,448","",
"18","Indiana","18139","Rush","2020","16,649","",
"18","Indiana","18143","Scott","2020","23,788","",
"18","Indiana","18145","Shelby","2020","44,871","",
"18","Indiana","18147","Spencer","2020","20,225","",
"18","Indiana","18141","St. Joseph","2020","271,484","",
"18","Indiana","18149","Starke","2020","23,049","",
"18","Indiana","18151","Steuben","2020","34,831","",
"18","Indiana","18153","Sullivan","2020","20,578","",
"18","Indiana","18155","Switzerland","2020","10,724","",
"18","Indiana","18157","Tippecanoe","2020","196,115","",
"18","Indiana","18159","Tipton","2020","15,227","",
"18","Indiana","18161","Union","2020","7,119","",
"18","Indiana","18163","Vanderburgh","2020","182,447","",
"18","Indiana","18165","Vermillion","2020","15,329","",
"18","Indiana","18167","Vigo","2020","106,608","",
"18","Indiana","18169","Wabash","2020","30,784","",
"18","Indiana","18171","Warren","2020","8,194","",
"18","Indiana","18173","Warrick","2020","63,269","",
"18","Indiana","18175","Washington","2020","28,213","",
"18","Indiana","18177","Wayne","2020","65,778","",
"18","Indiana","18179","Wells","2020","28,142","",
"18","Indiana","18181","White","2020","24,165","",
"18","Indiana","18183","Whitley","2020","34,378","",
"19","Iowa","19001","Adair","2020","7,059","",
"19","Iowa","19003","Adams","2020","3,588","",
"19","Iowa","19005","Allamakee","2020","13,642","",
"19","Iowa","19007","Appanoose","2020","12,430","",
"19","Iowa","19009","Audubon","2020","5,481","",
"19","Iowa","19011","Benton","2020","25,414","",
"19","Iowa","19013","Black Hawk","2020","130,786","",
"19","Iowa","19015","Boone","2020","26,277","",
"19","Iowa","19017","Bremer","2020","25,311","",
"19","Iowa","19019","Buchanan","2020","21,287","",
"19","Iowa","19021","Buena Vista","2020","19,772","",
"19","Iowa","19023","Butler","2020","14,333","",
"19","Iowa","19025","Calhoun","2020","9,473","",
"19","Iowa","19027","Carroll","2020","19,914","",
"19","Iowa","19029","Cass","2020","12,817","",
"19","Iowa","19031","Cedar","2020","18,485","",
"19","Iowa","19033","Cerro Gordo","2020","42,103","",
"19","Iowa","19035","Cherokee","2020","11,190","",
"19","Iowa","19037","Chickasaw","2020","11,834","",
"19","Iowa","19039","Clarke","2020","9,353","",
"19","Iowa","19041","Clay","2020","15,976","",
"19","Iowa","19043","Clayton","2020","17,321","",
"19","Iowa","19045","Clinton","2020","46,392","",
"19","Iowa","19047","Crawford","2020","16,834","",
"19","Iowa","19049","Dallas","2020","96,963","",
"19","Iowa","19051","Davis","2020","9,051","",
"19","Iowa","19053","Decatur","2020","7,769","",
"19","Iowa","19055","Delaware","2020","16,937","",
"19","Iowa","19057","Des Moines","2020","38,708","",
"19","Iowa","19059","Dickinson","2020","17,549","",
"19","Iowa","19061","Dubuque","2020","97,590","",
"19","Iowa","19063","Emmet","2020","9,095","",
"19","Iowa","19065","Fayette","2020","19,258","",
"19","Iowa","19067","Floyd","2020","15,480","",
"19","Iowa","19069","Franklin","2020","9,971","",
"19","Iowa","19071","Fremont","2020","6,729","",
"19","Iowa","19073","Greene","2020","8,795","",
"19","Iowa","19075","Grundy","2020","12,217","",
"19","Iowa","19077","Guthrie","2020","10,737","",
"19","Iowa","19079","Hamilton","2020","14,716","",
"19","Iowa","19081","Hancock","2020","10,507","",
"19","Iowa","19083","Hardin","2020","16,575","",
"19","Iowa","19085","Harrison","2020","13,928","",
"19","Iowa","19087","Henry","2020","19,697","",
"19","Iowa","19089","Howard","2020","9,176","",
"19","Iowa","19091","Humboldt","2020","9,473","",
"19","Iowa","19093","Ida","2020","6,833","",
"19","Iowa","19095","Iowa","2020","16,138","",
"19","Iowa","19097","Jackson","2020","19,205","",
"19","Iowa","19099","Jasper","2020","37,148","",
"19","Iowa","19101","Jefferson","2020","18,347","",
"19","Iowa","19103","Johnson","2020","153,740","",
"19","Iowa","19105","Jones","2020","20,617","",
"19","Iowa","19107","Keokuk","2020","10,085","",
"19","Iowa","19109","Kossuth","2020","14,680","",
"19","Iowa","19111","Lee","2020","33,480","",
"19","Iowa","19113","Linn","2020","227,854","",
"19","Iowa","19115","Louisa","2020","11,011","",
"19","Iowa","19117","Lucas","2020","8,518","",
"19","Iowa","19119","Lyon","2020","11,756","",
"19","Iowa","19121","Madison","2020","16,521","",
"19","Iowa","19123","Mahaska","2020","22,370","",
"19","Iowa","19125","Marion","2020","33,168","",
"19","Iowa","19127","Marshall","2020","39,495","",
"19","Iowa","19129","Mills","2020","14,766","",
"19","Iowa","19131","Mitchell","2020","10,647","",
"19","Iowa","19133","Monona","2020","8,598","",
"19","Iowa","19135","Monroe","2020","7,770","",
"19","Iowa","19137","Montgomery","2020","9,935","",
"19","Iowa","19139","Muscatine","2020","42,394","",
"19","Iowa","19141","O'Brien","2020","13,679","",
"19","Iowa","19143","Osceola","2020","5,987","",
"19","Iowa","19145","Page","2020","15,073","",
"19","Iowa","19147","Palo Alto","2020","8,845","",
"19","Iowa","19149","Plymouth","2020","25,219","",
"19","Iowa","19151","Pocahontas","2020","6,607","",
"19","Iowa","19153","Polk","2020","494,281","",
"19","Iowa","19155","Pottawattamie","2020","93,328","",
"19","Iowa","19157","Poweshiek","2020","18,381","",
"19","Iowa","19159","Ringgold","2020","4,801","",
"19","Iowa","19161","Sac","2020","9,603","",
"19","Iowa","19163","Scott","2020","173,216","",
"19","Iowa","19165","Shelby","2020","11,430","",
"19","Iowa","19167","Sioux","2020","35,043","",
"19","Iowa","19169","Story","2020","98,237","",
"19","Iowa","19171","Tama","2020","16,801","",
"19","Iowa","19173","Taylor","2020","6,092","",
"19","Iowa","19175","Union","2020","12,157","",
"19","Iowa","19177","Van Buren","2020","7,069","",
"19","Iowa","19179","Wapello","2020","34,985","",
"19","Iowa","19181","Warren","2020","52,265","",
"19","Iowa","19183","Washington","2020","21,992","",
"19","Iowa","19185","Wayne","2020","6,415","",
"19","Iowa","19187","Webster","2020","35,934","",
"19","Iowa","19189","Winnebago","2020","10,277","",
"19","Iowa","19191","Winneshiek","2020","19,862","",
"19","Iowa","19193","Woodbury","2020","103,138","",
"19","Iowa","19195","Worth","2020","7,359","",
"19","Iowa","19197","Wright","2020","12,416","",
"20","Kansas","20001","Allen","2020","12,399","",
"20","Kansas","20003","Anderson","2020","7,949","",
"20","Kansas","20005","Atchison","2020","16,015","",
"20","Kansas","20007","Barber","2020","4,358","",
"20","Kansas","20009","Barton","2020","25,658","",
"20","Kansas","20011","Bourbon","2020","14,435","",
"20","Kansas","20013","Brown","2020","9,482","",
"20","Kansas","20015","Butler","2020","66,992","",
"20","Kansas","20017","Chase","2020","2,586","",
"20","Kansas","20019","Chautauqua","2020","3,230","",
"20","Kansas","20021","Cherokee","2020","19,681","",
"20","Kansas","20023","Cheyenne","2020","2,600","",
"20","Kansas","20025","Clark","2020","1,963","",
"20","Kansas","20027","Clay","2020","8,025","",
"20","Kansas","20029","Cloud","2020","8,642","",
"20","Kansas","20031","Coffey","2020","8,158","",
"20","Kansas","20033","Comanche","2020","1,690","",
"20","Kansas","20035","Cowley","2020","34,628","",
"20","Kansas","20037","Crawford","2020","38,730","",
"20","Kansas","20039","Decatur","2020","2,776","",
"20","Kansas","20041","Dickinson","2020","18,266","",
"20","Kansas","20043","Doniphan","2020","7,496","",
"20","Kansas","20045","Douglas","2020","122,530","",
"20","Kansas","20047","Edwards","2020","2,750","",
"20","Kansas","20049","Elk","2020","2,507","",
"20","Kansas","20051","Ellis","2020","28,671","",
"20","Kansas","20053","Ellsworth","2020","6,034","",
"20","Kansas","20055","Finney","2020","35,917","",
"20","Kansas","20057","Ford","2020","33,094","",
"20","Kansas","20059","Franklin","2020","25,703","",
"20","Kansas","20061","Geary","2020","32,218","",
"20","Kansas","20063","Gove","2020","2,621","",
"20","Kansas","20065","Graham","2020","2,389","",
"20","Kansas","20067","Grant","2020","7,077","",
"20","Kansas","20069","Gray","2020","5,954","",
"20","Kansas","20071","Greeley","2020","1,196","",
"20","Kansas","20073","Greenwood","2020","5,868","",
"20","Kansas","20075","Hamilton","2020","2,425","",
"20","Kansas","20077","Harper","2020","5,336","",
"20","Kansas","20079","Harvey","2020","34,291","",
"20","Kansas","20081","Haskell","2020","3,923","",
"20","Kansas","20083","Hodgeman","2020","1,779","",
"20","Kansas","20085","Jackson","2020","13,171","",
"20","Kansas","20087","Jefferson","2020","19,032","",
"20","Kansas","20089","Jewell","2020","2,833","",
"20","Kansas","20091","Johnson","2020","607,220","",
"20","Kansas","20093","Kearny","2020","3,745","",
"20","Kansas","20095","Kingman","2020","6,974","",
"20","Kansas","20097","Kiowa","2020","2,456","",
"20","Kansas","20099","Labette","2020","19,586","",
"20","Kansas","20101","Lane","2020","1,518","",
"20","Kansas","20103","Leavenworth","2020","82,246","",
"20","Kansas","20105","Lincoln","2020","2,986","",
"20","Kansas","20107","Linn","2020","9,654","",
"20","Kansas","20109","Logan","2020","2,732","",
"20","Kansas","20111","Lyon","2020","33,045","",
"20","Kansas","20115","Marion","2020","11,652","",
"20","Kansas","20117","Marshall","2020","9,652","",
"20","Kansas","20113","McPherson","2020","28,448","",
"20","Kansas","20119","Meade","2020","4,029","",
"20","Kansas","20121","Miami","2020","34,334","",
"20","Kansas","20123","Mitchell","2020","5,879","",
"20","Kansas","20125","Montgomery","2020","31,502","",
"20","Kansas","20127","Morris","2020","5,559","",
"20","Kansas","20129","Morton","2020","2,538","",
"20","Kansas","20131","Nemaha","2020","10,121","",
"20","Kansas","20133","Neosho","2020","15,929","",
"20","Kansas","20135","Ness","2020","2,768","",
"20","Kansas","20137","Norton","2020","5,328","",
"20","Kansas","20139","Osage","2020","15,770","",
"20","Kansas","20141","Osborne","2020","3,439","",
"20","Kansas","20143","Ottawa","2020","5,712","",
"20","Kansas","20145","Pawnee","2020","6,366","",
"20","Kansas","20147","Phillips","2020","5,181","",
"20","Kansas","20149","Pottawatomie","2020","24,722","",
"20","Kansas","20151","Pratt","2020","9,127","",
"20","Kansas","20153","Rawlins","2020","2,511","",
"20","Kansas","20155","Reno","2020","61,793","",
"20","Kansas","20157","Republic","2020","4,536","",
"20","Kansas","20159","Rice","2020","9,362","",
"20","Kansas","20161","Riley","2020","73,202","",
"20","Kansas","20163","Rooks","2020","4,827","",
"20","Kansas","20165","Rush","2020","2,947","",
"20","Kansas","20167","Russell","2020","6,804","",
"20","Kansas","20169","Saline","2020","53,926","",
"20","Kansas","20171","Scott","2020","4,790","",
"20","Kansas","20173","Sedgwick","2020","519,907","",
"20","Kansas","20175","Seward","2020","21,038","",
"20","Kansas","20177","Shawnee","2020","175,999","",
"20","Kansas","20179","Sheridan","2020","2,520","",
"20","Kansas","20181","Sherman","2020","5,777","",
"20","Kansas","20183","Smith","2020","3,544","",
"20","Kansas","20185","Stafford","2020","4,046","",
"20","Kansas","20187","Stanton","2020","1,969","",
"20","Kansas","20189","Stevens","2020","5,388","",
"20","Kansas","20191","Sumner","2020","22,578","",
"20","Kansas","20193","Thomas","2020","7,702","",
"20","Kansas","20195","Trego","2020","2,758","",
"20","Kansas","20197","Wabaunsee","2020","6,906","",
"20","Kansas","20199","Wallace","2020","1,536","",
"20","Kansas","20201","Washington","2020","5,427","",
"20","Kansas","20203","Wichita","2020","2,074","",
"20","Kansas","20205","Wilson","2020","8,362","",
"20","Kansas","20207","Woodson","2020","3,015","",
"20","Kansas","20209","Wyandotte","2020","165,265","",
"21","Kentucky","21001","Adair","2020","19,555","",
"21","Kentucky","21003","Allen","2020","21,303","",
"21","Kentucky","21005","Anderson","2020","22,833","",
"21","Kentucky","21007","Ballard","2020","7,769","",
"21","Kentucky","21009","Barren","2020","44,300","",
"21","Kentucky","21011","Bath","2020","12,481","",
"21","Kentucky","21013","Bell","2020","25,482","",
"21","Kentucky","21015","Boone","2020","135,396","",
"21","Kentucky","21017","Bourbon","2020","19,901","",
"21","Kentucky","21019","Boyd","2020","46,516","",
"21","Kentucky","21021","Boyle","2020","30,367","",
"21","Kentucky","21023","Bracken","2020","8,286","",
"21","Kentucky","21025","Breathitt","2020","12,550","",
"21","Kentucky","21027","Breckinridge","2020","20,537","",
"21","Kentucky","21029","Bullitt","2020","82,182","",
"21","Kentucky","21031","Butler","2020","12,703","",
"21","Kentucky","21033","Caldwell","2020","12,687","",
"21","Kentucky","21035","Calloway","2020","39,300","",
"21","Kentucky","21037","Campbell","2020","94,020","",
"21","Kentucky","21039","Carlisle","2020","4,692","",
"21","Kentucky","21041","Carroll","2020","10,730","",
"21","Kentucky","21043","Carter","2020","26,542","",
"21","Kentucky","21045","Casey","2020","16,066","",
"21","Kentucky","21047","Christian","2020","71,478","",
"21","Kentucky","21049","Clark","2020","36,463","",
"21","Kentucky","21051","Clay","2020","19,631","",
"21","Kentucky","21053","Clinton","2020","10,110","",
"21","Kentucky","21055","Crittenden","2020","8,847","",
"21","Kentucky","21057","Cumberland","2020","6,523","",
"21","Kentucky","21059","Daviess","2020","101,978","",
"21","Kentucky","21061","Edmonson","2020","12,235","",
"21","Kentucky","21063","Elliott","2020","7,372","",
"21","Kentucky","21065","Estill","2020","14,109","",
"21","Kentucky","21067","Fayette","2020","324,735","",
"21","Kentucky","21069","Fleming","2020","14,603","",
"21","Kentucky","21071","Floyd","2020","34,974","",
"21","Kentucky","21073","Franklin","2020","51,118","",
"21","Kentucky","21075","Fulton","2020","5,952","",
"21","Kentucky","21077","Gallatin","2020","8,779","",
"21","Kentucky","21079","Garrard","2020","17,719","",
"21","Kentucky","21081","Grant","2020","25,387","",
"21","Kentucky","21083","Graves","2020","36,818","",
"21","Kentucky","21085","Grayson","2020","26,480","",
"21","Kentucky","21087","Green","2020","10,995","",
"21","Kentucky","21089","Greenup","2020","34,865","",
"21","Kentucky","21091","Hancock","2020","8,742","",
"21","Kentucky","21093","Hardin","2020","111,309","",
"21","Kentucky","21095","Harlan","2020","25,566","",
"21","Kentucky","21097","Harrison","2020","18,920","",
"21","Kentucky","21099","Hart","2020","19,013","",
"21","Kentucky","21101","Henderson","2020","44,740","",
"21","Kentucky","21103","Henry","2020","16,067","",
"21","Kentucky","21105","Hickman","2020","4,364","",
"21","Kentucky","21107","Hopkins","2020","44,662","",
"21","Kentucky","21109","Jackson","2020","13,340","",
"21","Kentucky","21111","Jefferson","2020","767,452","",
"21","Kentucky","21113","Jessamine","2020","54,057","",
"21","Kentucky","21115","Johnson","2020","22,002","",
"21","Kentucky","21117","Kenton","2020","167,949","",
"21","Kentucky","21119","Knott","2020","14,512","",
"21","Kentucky","21121","Knox","2020","31,022","",
"21","Kentucky","21123","Larue","2020","14,431","",
"21","Kentucky","21125","Laurel","2020","61,238","",
"21","Kentucky","21127","Lawrence","2020","15,436","",
"21","Kentucky","21129","Lee","2020","7,268","",
"21","Kentucky","21131","Leslie","2020","9,637","",
"21","Kentucky","21133","Letcher","2020","21,213","",
"21","Kentucky","21135","Lewis","2020","13,262","",
"21","Kentucky","21137","Lincoln","2020","24,466","",
"21","Kentucky","21139","Livingston","2020","9,041","",
"21","Kentucky","21141","Logan","2020","27,416","",
"21","Kentucky","21143","Lyon","2020","8,133","",
"21","Kentucky","21151","Madison","2020","94,265","",
"21","Kentucky","21153","Magoffin","2020","12,017","",
"21","Kentucky","21155","Marion","2020","19,314","",
"21","Kentucky","21157","Marshall","2020","31,163","",
"21","Kentucky","21159","Martin","2020","11,031","",
"21","Kentucky","21161","Mason","2020","17,035","",
"21","Kentucky","21145","McCracken","2020","65,644","",
"21","Kentucky","21147","McCreary","2020","17,071","",
"21","Kentucky","21149","McLean","2020","9,075","",
"21","Kentucky","21163","Meade","2020","28,616","",
"21","Kentucky","21165","Menifee","2020","6,502","",
"21","Kentucky","21167","Mercer","2020","21,889","",
"21","Kentucky","21169","Metcalfe","2020","10,058","",
"21","Kentucky","21171","Monroe","2020","10,549","",
"21","Kentucky","21173","Montgomery","2020","28,186","",
"21","Kentucky","21175","Morgan","2020","13,142","",
"21","Kentucky","21177","Muhlenberg","2020","30,457","",
"21","Kentucky","21179","Nelson","2020","46,450","",
"21","Kentucky","21181","Nicholas","2020","7,234","",
"21","Kentucky","21183","Ohio","2020","23,899","",
"21","Kentucky","21185","Oldham","2020","66,999","",
"21","Kentucky","21187","Owen","2020","11,017","",
"21","Kentucky","21189","Owsley","2020","4,331","",
"21","Kentucky","21191","Pendleton","2020","14,586","",
"21","Kentucky","21193","Perry","2020","25,456","",
"21","Kentucky","21195","Pike","2020","57,057","",
"21","Kentucky","21197","Powell","2020","12,218","",
"21","Kentucky","21199","Pulaski","2020","65,530","",
"21","Kentucky","21201","Robertson","2020","2,136","",
"21","Kentucky","21203","Rockcastle","2020","16,750","",
"21","Kentucky","21205","Rowan","2020","24,682","",
"21","Kentucky","21207","Russell","2020","17,998","",
"21","Kentucky","21209","Scott","2020","58,470","",
"21","Kentucky","21211","Shelby","2020","49,611","",
"21","Kentucky","21213","Simpson","2020","18,635","",
"21","Kentucky","21215","Spencer","2020","19,585","",
"21","Kentucky","21217","Taylor","2020","25,707","",
"21","Kentucky","21219","Todd","2020","12,448","",
"21","Kentucky","21221","Trigg","2020","14,776","",
"21","Kentucky","21223","Trimble","2020","8,481","",
"21","Kentucky","21225","Union","2020","14,443","",
"21","Kentucky","21227","Warren","2020","134,510","",
"21","Kentucky","21229","Washington","2020","12,147","",
"21","Kentucky","21231","Wayne","2020","20,209","",
"21","Kentucky","21233","Webster","2020","12,923","",
"21","Kentucky","21235","Whitley","2020","36,451","",
"21","Kentucky","21237","Wolfe","2020","7,106","",
"21","Kentucky","21239","Woodford","2020","26,765","",
"22","Louisiana","22001","Acadia","2020","61,918","",
"22","Louisiana","22003","Allen","2020","25,440","",
"22","Louisiana","22005","Ascension","2020","128,665","",
"22","Louisiana","22007","Assumption","2020","21,621","",
"22","Louisiana","22009","Avoyelles","2020","39,966","",
"22","Louisiana","22011","Beauregard","2020","37,881","",
"22","Louisiana","22013","Bienville","2020","12,983","",
"22","Louisiana","22015","Bossier","2020","127,275","",
"22","Louisiana","22017","Caddo","2020","237,479","",
"22","Louisiana","22019","Calcasieu","2020","203,310","",
"22","Louisiana","22021","Caldwell","2020","9,839","",
"22","Louisiana","22023","Cameron","2020","7,003","",
"22","Louisiana","22025","Catahoula","2020","9,226","",
"22","Louisiana","22027","Claiborne","2020","15,508","",
"22","Louisiana","22029","Concordia","2020","18,914","",
"22","Louisiana","22031","De Soto","2020","27,650","",
"22","Louisiana","22033","East Baton Rouge","2020","439,729","",
"22","Louisiana","22035","East Carroll","2020","6,589","",
"22","Louisiana","22037","East Feliciana","2020","18,882","",
"22","Louisiana","22039","Evangeline","2020","33,276","",
"22","Louisiana","22041","Franklin","2020","19,723","",
"22","Louisiana","22043","Grant","2020","22,254","",
"22","Louisiana","22045","Iberia","2020","68,991","",
"22","Louisiana","22047","Iberville","2020","32,070","",
"22","Louisiana","22049","Jackson","2020","15,574","",
"22","Louisiana","22051","Jefferson","2020","432,346","",
"22","Louisiana","22053","Jefferson Davis","2020","31,208","",
"22","Louisiana","22059","La Salle","2020","15,021","",
"22","Louisiana","22055","Lafayette","2020","246,518","",
"22","Louisiana","22057","Lafourche","2020","97,596","",
"22","Louisiana","22061","Lincoln","2020","46,552","",
"22","Louisiana","22063","Livingston","2020","143,737","",
"22","Louisiana","22065","Madison","2020","10,635","",
"22","Louisiana","22067","Morehouse","2020","24,227","",
"22","Louisiana","22069","Natchitoches","2020","37,655","",
"22","Louisiana","22071","Orleans","2020","389,476","",
"22","Louisiana","22073","Ouachita","2020","152,439","",
"22","Louisiana","22075","Plaquemines","2020","23,113","",
"22","Louisiana","22077","Pointe Coupee","2020","21,529","",
"22","Louisiana","22079","Rapides","2020","128,567","",
"22","Louisiana","22081","Red River","2020","8,286","",
"22","Louisiana","22083","Richland","2020","20,014","",
"22","Louisiana","22085","Sabine","2020","23,803","",
"22","Louisiana","22087","St. Bernard","2020","47,647","",
"22","Louisiana","22089","St. Charles","2020","52,987","",
"22","Louisiana","22091","St. Helena","2020","10,081","",
"22","Louisiana","22093","St. James","2020","20,727","",
"22","Louisiana","22095","St. John the Baptist","2020","42,516","",
"22","Louisiana","22097","St. Landry","2020","81,440","",
"22","Louisiana","22099","St. Martin","2020","52,954","",
"22","Louisiana","22101","St. Mary","2020","48,330","",
"22","Louisiana","22103","St. Tammany","2020","263,446","",
"22","Louisiana","22105","Tangipahoa","2020","136,765","",
"22","Louisiana","22107","Tensas","2020","4,178","",
"22","Louisiana","22109","Terrebonne","2020","109,859","",
"22","Louisiana","22111","Union","2020","22,170","",
"22","Louisiana","22113","Vermilion","2020","59,378","",
"22","Louisiana","22115","Vernon","2020","47,894","",
"22","Louisiana","22117","Washington","2020","45,773","",
"22","Louisiana","22119","Webster","2020","37,943","",
"22","Louisiana","22121","West Baton Rouge","2020","26,792","",
"22","Louisiana","22123","West Carroll","2020","10,646","",
"22","Louisiana","22125","West Feliciana","2020","15,465","",
"22","Louisiana","22127","Winn","2020","13,839","",
"23","Maine","23001","Androscoggin","2020","108,547","",
"23","Maine","23003","Aroostook","2020","66,804","",
"23","Maine","23005","Cumberland","2020","298,111","",
"23","Maine","23007","Franklin","2020","29,986","",
"23","Maine","23009","Hancock","2020","55,088","",
"23","Maine","23011","Kennebec","2020","122,955","",
"23","Maine","23013","Knox","2020","39,951","",
"23","Maine","23015","Lincoln","2020","34,775","",
"23","Maine","23017","Oxford","2020","58,132","",
"23","Maine","23019","Penobscot","2020","151,655","",
"23","Maine","23021","Piscataquis","2020","16,996","",
"23","Maine","23023","Sagadahoc","2020","36,044","",
"23","Maine","23025","Somerset","2020","50,635","",
"23","Maine","23027","Waldo","2020","39,923","",
"23","Maine","23029","Washington","2020","31,473","",
"23","Maine","23031","York","2020","209,066","",
"24","Maryland","24001","Allegany","2020","70,057","",
"24","Maryland","24003","Anne Arundel","2020","582,777","",
"24","Maryland","24005","Baltimore","2020","826,017","",
"24","Maryland","24510","Baltimore City","2020","586,131","",
"24","Maryland","24009","Calvert","2020","93,072","",
"24","Maryland","24011","Caroline","2020","33,492","",
"24","Maryland","24013","Carroll","2020","169,092","",
"24","Maryland","24015","Cecil","2020","103,419","",
"24","Maryland","24017","Charles","2020","164,436","",
"24","Maryland","24019","Dorchester","2020","31,853","",
"24","Maryland","24021","Frederick","2020","265,161","",
"24","Maryland","24023","Garrett","2020","28,852","",
"24","Maryland","24025","Harford","2020","256,805","",
"24","Maryland","24027","Howard","2020","328,200","",
"24","Maryland","24029","Kent","2020","19,192","",
"24","Maryland","24031","Montgomery","2020","1,051,816","",
"24","Maryland","24033","Prince George's","2020","909,612","",
"24","Maryland","24035","Queen Anne's","2020","51,167","",
"24","Maryland","24039","Somerset","2020","25,453","",
"24","Maryland","24037","St. Mary's","2020","114,687","",
"24","Maryland","24041","Talbot","2020","36,972","",
"24","Maryland","24043","Washington","2020","151,146","",
"24","Maryland","24045","Wicomico","2020","103,990","",
"24","Maryland","24047","Worcester","2020","52,403","",
"25","Massachusetts","25001","Barnstable","2020","213,164","",
"25","Massachusetts","25003","Berkshire","2020","124,571","",
"25","Massachusetts","25005","Bristol","2020","566,765","",
"25","Massachusetts","25007","Dukes","2020","17,461","",
"25","Massachusetts","25009","Essex","2020","791,263","",
"25","Massachusetts","25011","Franklin","2020","70,267","",
"25","Massachusetts","25013","Hampden","2020","463,986","",
"25","Massachusetts","25015","Hampshire","2020","161,401","",
"25","Massachusetts","25017","Middlesex","2020","1,609,379","",
"25","Massachusetts","25019","Nantucket","2020","11,376","",
"25","Massachusetts","25021","Norfolk","2020","709,409","",
"25","Massachusetts","25023","Plymouth","2020","523,738","",
"25","Massachusetts","25025","Suffolk","2020","801,582","",
"25","Massachusetts","25027","Worcester","2020","829,212","",
"26","Michigan","26001","Alcona","2020","10,505","",
"26","Michigan","26003","Alger","2020","9,015","",
"26","Michigan","26005","Allegan","2020","118,927","",
"26","Michigan","26007","Alpena","2020","28,238","",
"26","Michigan","26009","Antrim","2020","23,449","",
"26","Michigan","26011","Arenac","2020","14,953","",
"26","Michigan","26013","Baraga","2020","8,164","",
"26","Michigan","26015","Barry","2020","62,061","",
"26","Michigan","26017","Bay","2020","102,387","",
"26","Michigan","26019","Benzie","2020","17,852","",
"26","Michigan","26021","Berrien","2020","153,025","",
"26","Michigan","26023","Branch","2020","43,424","",
"26","Michigan","26025","Calhoun","2020","133,580","",
"26","Michigan","26027","Cass","2020","51,584","",
"26","Michigan","26029","Charlevoix","2020","26,105","",
"26","Michigan","26031","Cheboygan","2020","25,365","",
"26","Michigan","26033","Chippewa","2020","36,958","",
"26","Michigan","26035","Clare","2020","30,771","",
"26","Michigan","26037","Clinton","2020","79,753","",
"26","Michigan","26039","Crawford","2020","13,981","",
"26","Michigan","26041","Delta","2020","35,612","",
"26","Michigan","26043","Dickinson","2020","25,112","",
"26","Michigan","26045","Eaton","2020","110,148","",
"26","Michigan","26047","Emmet","2020","33,342","",
"26","Michigan","26049","Genesee","2020","404,794","",
"26","Michigan","26051","Gladwin","2020","25,424","",
"26","Michigan","26053","Gogebic","2020","13,842","",
"26","Michigan","26055","Grand Traverse","2020","93,592","",
"26","Michigan","26057","Gratiot","2020","40,283","",
"26","Michigan","26059","Hillsdale","2020","45,658","",
"26","Michigan","26061","Houghton","2020","35,126","",
"26","Michigan","26063","Huron","2020","30,653","",
"26","Michigan","26065","Ingham","2020","290,609","",
"26","Michigan","26067","Ionia","2020","64,553","",
"26","Michigan","26069","Iosco","2020","25,140","",
"26","Michigan","26071","Iron","2020","11,066","",
"26","Michigan","26073","Isabella","2020","69,504","",
"26","Michigan","26075","Jackson","2020","156,920","",
"26","Michigan","26077","Kalamazoo","2020","265,988","",
"26","Michigan","26079","Kalkaska","2020","18,003","",
"26","Michigan","26081","Kent","2020","658,708","",
"26","Michigan","26083","Keweenaw","2020","2,119","",
"26","Michigan","26085","Lake","2020","11,587","",
"26","Michigan","26087","Lapeer","2020","87,635","",
"26","Michigan","26089","Leelanau","2020","21,743","",
"26","Michigan","26091","Lenawee","2020","97,808","",
"26","Michigan","26093","Livingston","2020","192,335","",
"26","Michigan","26095","Luce","2020","6,126","",
"26","Michigan","26097","Mackinac","2020","10,839","",
"26","Michigan","26099","Macomb","2020","870,791","",
"26","Michigan","26101","Manistee","2020","24,738","",
"26","Michigan","26103","Marquette","2020","65,834","",
"26","Michigan","26105","Mason","2020","29,164","",
"26","Michigan","26107","Mecosta","2020","43,907","",
"26","Michigan","26109","Menominee","2020","22,608","",
"26","Michigan","26111","Midland","2020","83,441","",
"26","Michigan","26113","Missaukee","2020","15,152","",
"26","Michigan","26115","Monroe","2020","150,568","",
"26","Michigan","26117","Montcalm","2020","63,476","",
"26","Michigan","26119","Montmorency","2020","9,337","",
"26","Michigan","26121","Muskegon","2020","173,883","",
"26","Michigan","26123","Newaygo","2020","49,348","",
"26","Michigan","26125","Oakland","2020","1,253,459","",
"26","Michigan","26127","Oceana","2020","26,819","",
"26","Michigan","26129","Ogemaw","2020","20,923","",
"26","Michigan","26131","Ontonagon","2020","5,656","",
"26","Michigan","26133","Osceola","2020","23,466","",
"26","Michigan","26135","Oscoda","2020","8,368","",
"26","Michigan","26137","Otsego","2020","24,765","",
"26","Michigan","26139","Ottawa","2020","294,635","",
"26","Michigan","26141","Presque Isle","2020","12,665","",
"26","Michigan","26143","Roscommon","2020","23,986","",
"26","Michigan","26145","Saginaw","2020","189,868","",
"26","Michigan","26151","Sanilac","2020","40,747","",
"26","Michigan","26153","Schoolcraft","2020","8,104","",
"26","Michigan","26155","Shiawassee","2020","67,738","",
"26","Michigan","26147","St. Clair","2020","159,293","",
"26","Michigan","26149","St. Joseph","2020","60,848","",
"26","Michigan","26157","Tuscola","2020","52,289","",
"26","Michigan","26159","Van Buren","2020","75,474","",
"26","Michigan","26161","Washtenaw","2020","366,473","",
"26","Michigan","26163","Wayne","2020","1,740,623","",
"26","Michigan","26165","Wexford","2020","33,743","",
"27","Minnesota","27001","Aitkin","2020","15,848","",
"27","Minnesota","27003","Anoka","2020","359,921","",
"27","Minnesota","27005","Becker","2020","34,456","",
"27","Minnesota","27007","Beltrami","2020","47,442","",
"27","Minnesota","27009","Benton","2020","40,958","",
"27","Minnesota","27011","Big Stone","2020","4,923","",
"27","Minnesota","27013","Blue Earth","2020","68,241","",
"27","Minnesota","27015","Brown","2020","24,846","",
"27","Minnesota","27017","Carlton","2020","35,769","",
"27","Minnesota","27019","Carver","2020","106,565","",
"27","Minnesota","27021","Cass","2020","29,928","",
"27","Minnesota","27023","Chippewa","2020","11,758","",
"27","Minnesota","27025","Chisago","2020","56,794","",
"27","Minnesota","27027","Clay","2020","64,690","",
"27","Minnesota","27029","Clearwater","2020","9,017","",
"27","Minnesota","27031","Cook","2020","5,417","",
"27","Minnesota","27033","Cottonwood","2020","11,242","",
"27","Minnesota","27035","Crow Wing","2020","65,644","",
"27","Minnesota","27037","Dakota","2020","431,807","",
"27","Minnesota","27039","Dodge","2020","20,987","",
"27","Minnesota","27041","Douglas","2020","38,328","",
"27","Minnesota","27043","Faribault","2020","13,601","",
"27","Minnesota","27045","Fillmore","2020","21,135","",
"27","Minnesota","27047","Freeborn","2020","30,364","",
"27","Minnesota","27049","Goodhue","2020","46,318","",
"27","Minnesota","27051","Grant","2020","6,026","",
"27","Minnesota","27053","Hennepin","2020","1,268,408","",
"27","Minnesota","27055","Houston","2020","18,632","",
"27","Minnesota","27057","Hubbard","2020","21,783","",
"27","Minnesota","27059","Isanti","2020","41,429","",
"27","Minnesota","27061","Itasca","2020","45,268","",
"27","Minnesota","27063","Jackson","2020","9,768","",
"27","Minnesota","27065","Kanabec","2020","16,416","",
"27","Minnesota","27067","Kandiyohi","2020","43,130","",
"27","Minnesota","27069","Kittson","2020","4,214","",
"27","Minnesota","27071","Koochiching","2020","12,059","",
"27","Minnesota","27073","Lac qui Parle","2020","6,527","",
"27","Minnesota","27075","Lake","2020","10,639","",
"27","Minnesota","27077","Lake of the Woods","2020","3,754","",
"27","Minnesota","27079","Le Sueur","2020","28,741","",
"27","Minnesota","27081","Lincoln","2020","5,568","",
"27","Minnesota","27083","Lyon","2020","25,271","",
"27","Minnesota","27087","Mahnomen","2020","5,473","",
"27","Minnesota","27089","Marshall","2020","9,321","",
"27","Minnesota","27091","Martin","2020","19,484","",
"27","Minnesota","27085","McLeod","2020","35,710","",
"27","Minnesota","27093","Meeker","2020","23,341","",
"27","Minnesota","27095","Mille Lacs","2020","26,146","",
"27","Minnesota","27097","Morrison","2020","33,187","",
"27","Minnesota","27099","Mower","2020","40,150","",
"27","Minnesota","27101","Murray","2020","8,155","",
"27","Minnesota","27103","Nicollet","2020","34,482","",
"27","Minnesota","27105","Nobles","2020","21,400","",
"27","Minnesota","27107","Norman","2020","6,338","",
"27","Minnesota","27109","Olmsted","2020","159,298","",
"27","Minnesota","27111","Otter Tail","2020","58,741","",
"27","Minnesota","27113","Pennington","2020","13,874","",
"27","Minnesota","27115","Pine","2020","29,359","",
"27","Minnesota","27117","Pipestone","2020","9,121","",
"27","Minnesota","27119","Polk","2020","30,900","",
"27","Minnesota","27121","Pope","2020","11,277","",
"27","Minnesota","27123","Ramsey","2020","547,903","",
"27","Minnesota","27125","Red Lake","2020","4,046","",
"27","Minnesota","27127","Redwood","2020","15,079","",
"27","Minnesota","27129","Renville","2020","14,403","",
"27","Minnesota","27131","Rice","2020","67,084","",
"27","Minnesota","27133","Rock","2020","9,301","",
"27","Minnesota","27135","Roseau","2020","15,117","",
"27","Minnesota","27139","Scott","2020","150,689","",
"27","Minnesota","27141","Sherburne","2020","98,811","",
"27","Minnesota","27143","Sibley","2020","14,715","",
"27","Minnesota","27137","St. Louis","2020","198,538","",
"27","Minnesota","27145","Stearns","2020","162,038","",
"27","Minnesota","27147","Steele","2020","36,596","",
"27","Minnesota","27149","Stevens","2020","9,765","",
"27","Minnesota","27151","Swift","2020","9,176","",
"27","Minnesota","27153","Todd","2020","24,732","",
"27","Minnesota","27155","Traverse","2020","3,218","",
"27","Minnesota","27157","Wabasha","2020","21,642","",
"27","Minnesota","27159","Wadena","2020","13,807","",
"27","Minnesota","27161","Waseca","2020","18,550","",
"27","Minnesota","27163","Washington","2020","265,476","",
"27","Minnesota","27165","Watonwan","2020","10,792","",
"27","Minnesota","27167","Wilkin","2020","6,161","",
"27","Minnesota","27169","Winona","2020","50,485","",
"27","Minnesota","27171","Wright","2020","140,249","",
"27","Minnesota","27173","Yellow Medicine","2020","9,580","",
"28","Mississippi","28001","Adams","2020","30,275","",
"28","Mississippi","28003","Alcorn","2020","36,889","",
"28","Mississippi","28005","Amite","2020","12,205","",
"28","Mississippi","28007","Attala","2020","18,004","",
"28","Mississippi","28009","Benton","2020","8,351","",
"28","Mississippi","28011","Bolivar","2020","30,142","",
"28","Mississippi","28013","Calhoun","2020","14,241","",
"28","Mississippi","28015","Carroll","2020","9,732","",
"28","Mississippi","28017","Chickasaw","2020","16,951","",
"28","Mississippi","28019","Choctaw","2020","8,063","",
"28","Mississippi","28021","Claiborne","2020","8,911","",
"28","Mississippi","28023","Clarke","2020","15,299","",
"28","Mississippi","28025","Clay","2020","19,352","",
"28","Mississippi","28027","Coahoma","2020","21,564","",
"28","Mississippi","28029","Copiah","2020","27,933","",
"28","Mississippi","28031","Covington","2020","18,518","",
"28","Mississippi","28033","DeSoto","2020","188,275","",
"28","Mississippi","28035","Forrest","2020","75,009","",
"28","Mississippi","28037","Franklin","2020","7,657","",
"28","Mississippi","28039","George","2020","24,425","",
"28","Mississippi","28041","Greene","2020","13,477","",
"28","Mississippi","28043","Grenada","2020","20,610","",
"28","Mississippi","28045","Hancock","2020","48,000","",
"28","Mississippi","28047","Harrison","2020","208,801","",
"28","Mississippi","28049","Hinds","2020","227,966","",
"28","Mississippi","28051","Holmes","2020","16,726","",
"28","Mississippi","28053","Humphreys","2020","7,827","",
"28","Mississippi","28055","Issaquena","2020","1,220","",
"28","Mississippi","28057","Itawamba","2020","23,261","",
"28","Mississippi","28059","Jackson","2020","143,802","",
"28","Mississippi","28061","Jasper","2020","16,332","",
"28","Mississippi","28063","Jefferson","2020","6,997","",
"28","Mississippi","28065","Jefferson Davis","2020","10,890","",
"28","Mississippi","28067","Jones","2020","67,993","",
"28","Mississippi","28069","Kemper","2020","9,521","",
"28","Mississippi","28071","Lafayette","2020","54,408","",
"28","Mississippi","28073","Lamar","2020","64,165","",
"28","Mississippi","28075","Lauderdale","2020","73,751","",
"28","Mississippi","28077","Lawrence","2020","12,480","",
"28","Mississippi","28079","Leake","2020","22,741","",
"28","Mississippi","28081","Lee","2020","85,466","",
"28","Mississippi","28083","Leflore","2020","27,854","",
"28","Mississippi","28085","Lincoln","2020","33,936","",
"28","Mississippi","28087","Lowndes","2020","58,309","",
"28","Mississippi","28089","Madison","2020","106,871","",
"28","Mississippi","28091","Marion","2020","24,441","",
"28","Mississippi","28093","Marshall","2020","35,301","",
"28","Mississippi","28095","Monroe","2020","35,123","",
"28","Mississippi","28097","Montgomery","2020","9,661","",
"28","Mississippi","28099","Neshoba","2020","28,996","",
"28","Mississippi","28101","Newton","2020","20,866","",
"28","Mississippi","28103","Noxubee","2020","10,236","",
"28","Mississippi","28105","Oktibbeha","2020","49,789","",
"28","Mississippi","28107","Panola","2020","33,848","",
"28","Mississippi","28109","Pearl River","2020","55,876","",
"28","Mississippi","28111","Perry","2020","11,862","",
"28","Mississippi","28113","Pike","2020","38,997","",
"28","Mississippi","28115","Pontotoc","2020","32,461","",
"28","Mississippi","28117","Prentiss","2020","25,013","",
"28","Mississippi","28119","Quitman","2020","6,760","",
"28","Mississippi","28121","Rankin","2020","155,975","",
"28","Mississippi","28123","Scott","2020","28,061","",
"28","Mississippi","28125","Sharkey","2020","4,160","",
"28","Mississippi","28127","Simpson","2020","26,629","",
"28","Mississippi","28129","Smith","2020","15,779","",
"28","Mississippi","28131","Stone","2020","18,360","",
"28","Mississippi","28133","Sunflower","2020","24,740","",
"28","Mississippi","28135","Tallahatchie","2020","13,707","",
"28","Mississippi","28137","Tate","2020","28,539","",
"28","Mississippi","28139","Tippah","2020","21,748","",
"28","Mississippi","28141","Tishomingo","2020","19,275","",
"28","Mississippi","28143","Tunica","2020","9,392","",
"28","Mississippi","28145","Union","2020","28,866","",
"28","Mississippi","28147","Walthall","2020","14,294","",
"28","Mississippi","28149","Warren","2020","44,841","",
"28","Mississippi","28151","Washington","2020","42,837","",
"28","Mississippi","28153","Wayne","2020","20,317","",
"28","Mississippi","28155","Webster","2020","9,676","",
"28","Mississippi","28157","Wilkinson","2020","8,351","",
"28","Mississippi","28159","Winston","2020","17,845","",
"28","Mississippi","28161","Yalobusha","2020","11,982","",
"28","Mississippi","28163","Yazoo","2020","26,982","",
"29","Missouri","29001","Adair","2020","25,399","",
"29","Missouri","29003","Andrew","2020","17,586","",
"29","Missouri","29005","Atchison","2020","5,096","",
"29","Missouri","29007","Audrain","2020","24,835","",
"29","Missouri","29009","Barry","2020","35,818","",
"29","Missouri","29011","Barton","2020","11,592","",
"29","Missouri","29013","Bates","2020","16,242","",
"29","Missouri","29015","Benton","2020","19,627","",
"29","Missouri","29017","Bollinger","2020","12,111","",
"29","Missouri","29019","Boone","2020","182,991","",
"29","Missouri","29021","Buchanan","2020","86,530","",
"29","Missouri","29023","Butler","2020","42,178","",
"29","Missouri","29025","Caldwell","2020","9,051","",
"29","Missouri","29027","Callaway","2020","44,887","",
"29","Missouri","29029","Camden","2020","46,414","",
"29","Missouri","29031","Cape Girardeau","2020","79,512","",
"29","Missouri","29033","Carroll","2020","8,554","",
"29","Missouri","29035","Carter","2020","5,991","",
"29","Missouri","29037","Cass","2020","106,806","",
"29","Missouri","29039","Cedar","2020","14,322","",
"29","Missouri","29041","Chariton","2020","7,360","",
"29","Missouri","29043","Christian","2020","90,655","",
"29","Missouri","29045","Clark","2020","6,830","",
"29","Missouri","29047","Clay","2020","253,463","",
"29","Missouri","29049","Clinton","2020","20,553","",
"29","Missouri","29051","Cole","2020","76,191","",
"29","Missouri","29053","Cooper","2020","17,102","",
"29","Missouri","29055","Crawford","2020","23,739","",
"29","Missouri","29057","Dade","2020","7,568","",
"29","Missouri","29059","Dallas","2020","17,219","",
"29","Missouri","29061","Daviess","2020","8,283","",
"29","Missouri","29063","DeKalb","2020","10,944","",
"29","Missouri","29065","Dent","2020","15,481","",
"29","Missouri","29067","Douglas","2020","13,344","",
"29","Missouri","29069","Dunklin","2020","28,878","",
"29","Missouri","29071","Franklin","2020","104,469","",
"29","Missouri","29073","Gasconade","2020","14,566","",
"29","Missouri","29075","Gentry","2020","6,484","",
"29","Missouri","29077","Greene","2020","294,997","",
"29","Missouri","29079","Grundy","2020","9,595","",
"29","Missouri","29081","Harrison","2020","8,321","",
"29","Missouri","29083","Henry","2020","22,076","",
"29","Missouri","29085","Hickory","2020","9,586","",
"29","Missouri","29087","Holt","2020","4,232","",
"29","Missouri","29089","Howard","2020","10,001","",
"29","Missouri","29091","Howell","2020","40,262","",
"29","Missouri","29093","Iron","2020","10,098","",
"29","Missouri","29095","Jackson","2020","705,925","",
"29","Missouri","29097","Jasper","2020","121,648","",
"29","Missouri","29099","Jefferson","2020","226,543","",
"29","Missouri","29101","Johnson","2020","54,219","",
"29","Missouri","29103","Knox","2020","3,940","",
"29","Missouri","29105","Laclede","2020","35,895","",
"29","Missouri","29107","Lafayette","2020","33,006","",
"29","Missouri","29109","Lawrence","2020","38,175","",
"29","Missouri","29111","Lewis","2020","9,810","",
"29","Missouri","29113","Lincoln","2020","60,119","",
"29","Missouri","29115","Linn","2020","11,830","",
"29","Missouri","29117","Livingston","2020","14,413","",
"29","Missouri","29121","Macon","2020","15,095","",
"29","Missouri","29123","Madison","2020","12,113","",
"29","Missouri","29125","Maries","2020","8,795","",
"29","Missouri","29127","Marion","2020","28,423","",
"29","Missouri","29119","McDonald","2020","22,900","",
"29","Missouri","29129","Mercer","2020","3,558","",
"29","Missouri","29131","Miller","2020","25,791","",
"29","Missouri","29133","Mississippi","2020","12,691","",
"29","Missouri","29135","Moniteau","2020","15,585","",
"29","Missouri","29137","Monroe","2020","8,672","",
"29","Missouri","29139","Montgomery","2020","11,294","",
"29","Missouri","29141","Morgan","2020","20,716","",
"29","Missouri","29143","New Madrid","2020","16,693","",
"29","Missouri","29145","Newton","2020","58,451","",
"29","Missouri","29147","Nodaway","2020","21,743","",
"29","Missouri","29149","Oregon","2020","10,411","",
"29","Missouri","29151","Osage","2020","13,535","",
"29","Missouri","29153","Ozark","2020","9,083","",
"29","Missouri","29155","Pemiscot","2020","15,600","",
"29","Missouri","29157","Perry","2020","19,194","",
"29","Missouri","29159","Pettis","2020","42,490","",
"29","Missouri","29161","Phelps","2020","44,414","",
"29","Missouri","29163","Pike","2020","17,552","",
"29","Missouri","29165","Platte","2020","106,532","",
"29","Missouri","29167","Polk","2020","32,490","",
"29","Missouri","29169","Pulaski","2020","52,709","",
"29","Missouri","29171","Putnam","2020","4,688","",
"29","Missouri","29173","Ralls","2020","10,299","",
"29","Missouri","29175","Randolph","2020","24,409","",
"29","Missouri","29177","Ray","2020","22,915","",
"29","Missouri","29179","Reynolds","2020","6,198","",
"29","Missouri","29181","Ripley","2020","13,300","",
"29","Missouri","29195","Saline","2020","22,858","",
"29","Missouri","29197","Schuyler","2020","4,534","",
"29","Missouri","29199","Scotland","2020","4,871","",
"29","Missouri","29201","Scott","2020","38,288","",
"29","Missouri","29203","Shannon","2020","8,203","",
"29","Missouri","29205","Shelby","2020","5,919","",
"29","Missouri","29183","St. Charles","2020","406,204","",
"29","Missouri","29185","St. Clair","2020","9,689","",
"29","Missouri","29187","St. Francois","2020","66,485","",
"29","Missouri","29189","St. Louis","2020","994,020","",
"29","Missouri","29510","St. Louis City","2020","297,645","",
"29","Missouri","29186","Ste. Genevieve","2020","17,924","",
"29","Missouri","29207","Stoddard","2020","29,001","",
"29","Missouri","29209","Stone","2020","32,465","",
"29","Missouri","29211","Sullivan","2020","6,033","",
"29","Missouri","29213","Taney","2020","56,104","",
"29","Missouri","29215","Texas","2020","25,112","",
"29","Missouri","29217","Vernon","2020","20,388","",
"29","Missouri","29219","Warren","2020","36,594","",
"29","Missouri","29221","Washington","2020","24,604","",
"29","Missouri","29223","Wayne","2020","12,769","",
"29","Missouri","29225","Webster","2020","39,859","",
"29","Missouri","29227","Worth","2020","1,953","",
"29","Missouri","29229","Wright","2020","18,325","",
"30","Montana","30001","Beaverhead","2020","9,483","",
"30","Montana","30003","Big Horn","2020","13,063","",
"30","Montana","30005","Blaine","2020","6,568","",
"30","Montana","30007","Broadwater","2020","6,444","",
"30","Montana","30009","Carbon","2020","10,921","",
"30","Montana","30011","Carter","2020","1,235","",
"30","Montana","30013","Cascade","2020","81,346","",
"30","Montana","30015","Chouteau","2020","5,699","",
"30","Montana","30017","Custer","2020","11,292","",
"30","Montana","30019","Daniels","2020","1,638","",
"30","Montana","30021","Dawson","2020","8,555","",
"30","Montana","30023","Deer Lodge","2020","9,204","",
"30","Montana","30025","Fallon","2020","2,826","",
"30","Montana","30027","Fergus","2020","11,104","",
"30","Montana","30029","Flathead","2020","105,851","",
"30","Montana","30031","Gallatin","2020","116,806","",
"30","Montana","30033","Garfield","2020","1,268","",
"30","Montana","30035","Glacier","2020","13,594","",
"30","Montana","30037","Golden Valley","2020","827","",
"30","Montana","30039","Granite","2020","3,317","",
"30","Montana","30041","Hill","2020","16,358","",
"30","Montana","30043","Jefferson","2020","12,360","",
"30","Montana","30045","Judith Basin","2020","1,994","",
"30","Montana","30047","Lake","2020","30,986","",
"30","Montana","30049","Lewis and Clark","2020","70,229","",
"30","Montana","30051","Liberty","2020","2,369","",
"30","Montana","30053","Lincoln","2020","20,343","",
"30","Montana","30057","Madison","2020","8,959","",
"30","Montana","30055","McCone","2020","1,648","",
"30","Montana","30059","Meagher","2020","1,831","",
"30","Montana","30061","Mineral","2020","4,544","",
"30","Montana","30063","Missoula","2020","121,630","",
"30","Montana","30065","Musselshell","2020","4,669","",
"30","Montana","30067","Park","2020","16,760","",
"30","Montana","30069","Petroleum","2020","500","",
"30","Montana","30071","Phillips","2020","3,919","",
"30","Montana","30073","Pondera","2020","5,782","",
"30","Montana","30075","Powder River","2020","1,681","",
"30","Montana","30077","Powell","2020","6,817","",
"30","Montana","30079","Prairie","2020","1,067","",
"30","Montana","30081","Ravalli","2020","45,002","",
"30","Montana","30083","Richland","2020","11,043","",
"30","Montana","30085","Roosevelt","2020","10,964","",
"30","Montana","30087","Rosebud","2020","8,836","",
"30","Montana","30089","Sanders","2020","12,157","",
"30","Montana","30091","Sheridan","2020","3,261","",
"30","Montana","30093","Silver Bow","2020","35,180","",
"30","Montana","30095","Stillwater","2020","9,888","",
"30","Montana","30097","Sweet Grass","2020","3,684","",
"30","Montana","30099","Teton","2020","6,249","",
"30","Montana","30101","Toole","2020","4,686","",
"30","Montana","30103","Treasure","2020","695","",
"30","Montana","30105","Valley","2020","7,359","",
"30","Montana","30107","Wheatland","2020","2,157","",
"30","Montana","30109","Wibaux","2020","939","",
"30","Montana","30111","Yellowstone","2020","162,990","",
"31","Nebraska","31001","Adams","2020","31,321","",
"31","Nebraska","31003","Antelope","2020","6,264","",
"31","Nebraska","31005","Arthur","2020","466","",
"31","Nebraska","31007","Banner","2020","786","",
"31","Nebraska","31009","Blaine","2020","457","",
"31","Nebraska","31011","Boone","2020","5,096","",
"31","Nebraska","31013","Box Butte","2020","10,696","",
"31","Nebraska","31015","Boyd","2020","1,860","",
"31","Nebraska","31017","Brown","2020","2,981","",
"31","Nebraska","31019","Buffalo","2020","50,114","",
"31","Nebraska","31021","Burt","2020","6,477","",
"31","Nebraska","31023","Butler","2020","7,960","",
"31","Nebraska","31025","Cass","2020","26,232","",
"31","Nebraska","31027","Cedar","2020","8,414","",
"31","Nebraska","31029","Chase","2020","3,840","",
"31","Nebraska","31031","Cherry","2020","5,781","",
"31","Nebraska","31033","Cheyenne","2020","9,111","",
"31","Nebraska","31035","Clay","2020","6,216","",
"31","Nebraska","31037","Colfax","2020","10,587","",
"31","Nebraska","31039","Cuming","2020","8,798","",
"31","Nebraska","31041","Custer","2020","10,626","",
"31","Nebraska","31043","Dakota","2020","20,070","",
"31","Nebraska","31045","Dawes","2020","8,361","",
"31","Nebraska","31047","Dawson","2020","23,510","",
"31","Nebraska","31049","Deuel","2020","1,793","",
"31","Nebraska","31051","Dixon","2020","5,596","",
"31","Nebraska","31053","Dodge","2020","36,222","",
"31","Nebraska","31055","Douglas","2020","574,332","",
"31","Nebraska","31057","Dundy","2020","1,671","",
"31","Nebraska","31059","Fillmore","2020","5,519","",
"31","Nebraska","31061","Franklin","2020","2,940","",
"31","Nebraska","31063","Frontier","2020","2,587","",
"31","Nebraska","31065","Furnas","2020","4,653","",
"31","Nebraska","31067","Gage","2020","21,431","",
"31","Nebraska","31069","Garden","2020","1,847","",
"31","Nebraska","31071","Garfield","2020","1,956","",
"31","Nebraska","31073","Gosper","2020","1,986","",
"31","Nebraska","31075","Grant","2020","630","",
"31","Nebraska","31077","Greeley","2020","2,319","",
"31","Nebraska","31079","Hall","2020","61,028","",
"31","Nebraska","31081","Hamilton","2020","9,237","",
"31","Nebraska","31083","Harlan","2020","3,311","",
"31","Nebraska","31085","Hayes","2020","916","",
"31","Nebraska","31087","Hitchcock","2020","2,773","",
"31","Nebraska","31089","Holt","2020","9,956","",
"31","Nebraska","31091","Hooker","2020","647","",
"31","Nebraska","31093","Howard","2020","6,488","",
"31","Nebraska","31095","Jefferson","2020","7,099","",
"31","Nebraska","31097","Johnson","2020","5,057","",
"31","Nebraska","31099","Kearney","2020","6,652","",
"31","Nebraska","31101","Keith","2020","7,983","",
"31","Nebraska","31103","Keya Paha","2020","759","",
"31","Nebraska","31105","Kimball","2020","3,495","",
"31","Nebraska","31107","Knox","2020","8,304","",
"31","Nebraska","31109","Lancaster","2020","320,650","",
"31","Nebraska","31111","Lincoln","2020","34,347","",
"31","Nebraska","31113","Logan","2020","747","",
"31","Nebraska","31115","Loup","2020","650","",
"31","Nebraska","31119","Madison","2020","34,813","",
"31","Nebraska","31117","McPherson","2020","474","",
"31","Nebraska","31121","Merrick","2020","7,809","",
"31","Nebraska","31123","Morrill","2020","4,625","",
"31","Nebraska","31125","Nance","2020","3,532","",
"31","Nebraska","31127","Nemaha","2020","7,044","",
"31","Nebraska","31129","Nuckolls","2020","4,134","",
"31","Nebraska","31131","Otoe","2020","15,965","",
"31","Nebraska","31133","Pawnee","2020","2,601","",
"31","Nebraska","31135","Perkins","2020","2,867","",
"31","Nebraska","31137","Phelps","2020","9,006","",
"31","Nebraska","31139","Pierce","2020","7,184","",
"31","Nebraska","31141","Platte","2020","33,364","",
"31","Nebraska","31143","Polk","2020","5,201","",
"31","Nebraska","31145","Red Willow","2020","10,627","",
"31","Nebraska","31147","Richardson","2020","7,791","",
"31","Nebraska","31149","Rock","2020","1,377","",
"31","Nebraska","31151","Saline","2020","13,987","",
"31","Nebraska","31153","Sarpy","2020","188,856","",
"31","Nebraska","31155","Saunders","2020","21,927","",
"31","Nebraska","31157","Scotts Bluff","2020","35,299","",
"31","Nebraska","31159","Seward","2020","17,186","",
"31","Nebraska","31161","Sheridan","2020","5,150","",
"31","Nebraska","31163","Sherman","2020","2,986","",
"31","Nebraska","31165","Sioux","2020","1,200","",
"31","Nebraska","31167","Stanton","2020","5,880","",
"31","Nebraska","31169","Thayer","2020","4,887","",
"31","Nebraska","31171","Thomas","2020","739","",
"31","Nebraska","31173","Thurston","2020","7,220","",
"31","Nebraska","31175","Valley","2020","4,103","",
"31","Nebraska","31177","Washington","2020","20,901","",
"31","Nebraska","31179","Wayne","2020","9,492","",
"31","Nebraska","31181","Webster","2020","3,419","",
"31","Nebraska","31183","Wheeler","2020","790","",
"31","Nebraska","31185","York","2020","13,511","",
"32","Nevada","32510","Carson City","2020","56,034","",
"32","Nevada","32001","Churchill","2020","25,363","",
"32","Nevada","32003","Clark","2020","2,315,963","",
"32","Nevada","32005","Douglas","2020","49,088","",
"32","Nevada","32007","Elko","2020","53,006","",
"32","Nevada","32009","Esmeralda","2020","886","",
"32","Nevada","32011","Eureka","2020","2,065","",
"32","Nevada","32013","Humboldt","2020","16,962","",
"32","Nevada","32015","Lander","2020","5,514","",
"32","Nevada","32017","Lincoln","2020","5,159","",
"32","Nevada","32019","Lyon","2020","58,319","",
"32","Nevada","32021","Mineral","2020","4,518","",
"32","Nevada","32023","Nye","2020","48,054","",
"32","Nevada","32027","Pershing","2020","6,573","",
"32","Nevada","32029","Storey","2020","4,207","",
"32","Nevada","32031","Washoe","2020","477,082","",
"32","Nevada","32033","White Pine","2020","9,466","",
"33","New Hampshire","33001","Belknap","2020","61,551","",
"33","New Hampshire","33003","Carroll","2020","49,167","",
"33","New Hampshire","33005","Cheshire","2020","76,228","",
"33","New Hampshire","33007","Coos","2020","31,174","",
"33","New Hampshire","33009","Grafton","2020","90,691","",
"33","New Hampshire","33011","Hillsborough","2020","418,735","",
"33","New Hampshire","33013","Merrimack","2020","152,622","",
"33","New Hampshire","33015","Rockingham","2020","311,307","",
"33","New Hampshire","33017","Strafford","2020","131,533","",
"33","New Hampshire","33019","Sullivan","2020","43,267","",
"34","New Jersey","34001","Atlantic","2020","262,945","",
"34","New Jersey","34003","Bergen","2020","930,394","",
"34","New Jersey","34005","Burlington","2020","446,596","",
"34","New Jersey","34007","Camden","2020","506,809","",
"34","New Jersey","34009","Cape May","2020","91,546","",
"34","New Jersey","34011","Cumberland","2020","147,008","",
"34","New Jersey","34013","Essex","2020","800,501","",
"34","New Jersey","34015","Gloucester","2020","293,245","",
"34","New Jersey","34017","Hudson","2020","671,666","",
"34","New Jersey","34019","Hunterdon","2020","124,797","",
"34","New Jersey","34021","Mercer","2020","367,239","",
"34","New Jersey","34023","Middlesex","2020","822,736","",
"34","New Jersey","34025","Monmouth","2020","618,381","",
"34","New Jersey","34027","Morris","2020","491,087","",
"34","New Jersey","34029","Ocean","2020","614,237","",
"34","New Jersey","34031","Passaic","2020","500,382","",
"34","New Jersey","34033","Salem","2020","62,451","",
"34","New Jersey","34035","Somerset","2020","329,331","",
"34","New Jersey","34037","Sussex","2020","140,002","",
"34","New Jersey","34039","Union","2020","555,394","",
"34","New Jersey","34041","Warren","2020","105,624","",
"35","New Mexico","35001","Bernalillo","2020","681,666","",
"35","New Mexico","35003","Catron","2020","3,623","",
"35","New Mexico","35005","Chaves","2020","64,711","",
"35","New Mexico","35006","Cibola","2020","26,354","",
"35","New Mexico","35007","Colfax","2020","11,927","",
"35","New Mexico","35009","Curry","2020","48,793","",
"35","New Mexico","35011","De Baca","2020","1,673","",
"35","New Mexico","35013","Dona Ana","2020","221,262","",
"35","New Mexico","35015","Eddy","2020","58,418","",
"35","New Mexico","35017","Grant","2020","27,007","",
"35","New Mexico","35019","Guadalupe","2020","4,275","",
"35","New Mexico","35021","Harding","2020","638","",
"35","New Mexico","35023","Hidalgo","2020","4,106","",
"35","New Mexico","35025","Lea","2020","71,830","",
"35","New Mexico","35027","Lincoln","2020","19,939","",
"35","New Mexico","35028","Los Alamos","2020","19,462","",
"35","New Mexico","35029","Luna","2020","23,905","",
"35","New Mexico","35031","McKinley","2020","70,824","",
"35","New Mexico","35033","Mora","2020","4,478","",
"35","New Mexico","35035","Otero","2020","67,967","",
"35","New Mexico","35037","Quay","2020","8,197","",
"35","New Mexico","35039","Rio Arriba","2020","38,521","",
"35","New Mexico","35041","Roosevelt","2020","18,350","",
"35","New Mexico","35045","San Juan","2020","123,312","",
"35","New Mexico","35047","San Miguel","2020","27,144","",
"35","New Mexico","35043","Sandoval","2020","148,904","",
"35","New Mexico","35049","Santa Fe","2020","151,946","",
"35","New Mexico","35051","Sierra","2020","10,867","",
"35","New Mexico","35053","Socorro","2020","16,541","",
"35","New Mexico","35055","Taos","2020","32,593","",
"35","New Mexico","35057","Torrance","2020","15,486","",
"35","New Mexico","35059","Union","2020","4,026","",
"35","New Mexico","35061","Valencia","2020","77,574","",
"36","New York","36001","Albany","2020","303,654","",
"36","New York","36003","Allegany","2020","45,587","",
"36","New York","36005","Bronx","2020","1,401,142","",
"36","New York","36007","Broome","2020","189,420","",
"36","New York","36009","Cattaraugus","2020","75,863","",
"36","New York","36011","Cayuga","2020","76,029","",
"36","New York","36013","Chautauqua","2020","126,032","",
"36","New York","36015","Chemung","2020","82,622","",
"36","New York","36017","Chenango","2020","46,730","",
"36","New York","36019","Clinton","2020","79,778","",
"36","New York","36021","Columbia","2020","59,534","",
"36","New York","36023","Cortland","2020","47,173","",
"36","New York","36025","Delaware","2020","43,938","",
"36","New York","36027","Dutchess","2020","293,293","",
"36","New York","36029","Erie","2020","917,241","",
"36","New York","36031","Essex","2020","36,891","",
"36","New York","36033","Franklin","2020","49,965","",
"36","New York","36035","Fulton","2020","52,812","",
"36","New York","36037","Genesee","2020","56,994","",
"36","New York","36039","Greene","2020","47,177","",
"36","New York","36041","Hamilton","2020","4,345","",
"36","New York","36043","Herkimer","2020","60,945","",
"36","New York","36045","Jefferson","2020","108,095","",
"36","New York","36047","Kings","2020","2,538,934","",
"36","New York","36049","Lewis","2020","26,187","",
"36","New York","36051","Livingston","2020","62,398","",
"36","New York","36053","Madison","2020","70,478","",
"36","New York","36055","Monroe","2020","740,900","",
"36","New York","36057","Montgomery","2020","49,170","",
"36","New York","36059","Nassau","2020","1,351,334","",
"36","New York","36061","New York","2020","1,611,989","",
"36","New York","36063","Niagara","2020","208,396","",
"36","New York","36065","Oneida","2020","227,346","",
"36","New York","36067","Onondaga","2020","459,214","",
"36","New York","36069","Ontario","2020","110,091","",
"36","New York","36071","Orange","2020","385,234","",
"36","New York","36073","Orleans","2020","39,978","",
"36","New York","36075","Oswego","2020","116,346","",
"36","New York","36077","Otsego","2020","58,701","",
"36","New York","36079","Putnam","2020","98,532","",
"36","New York","36081","Queens","2020","2,225,821","",
"36","New York","36083","Rensselaer","2020","158,108","",
"36","New York","36085","Richmond","2020","475,327","",
"36","New York","36087","Rockland","2020","326,225","",
"36","New York","36091","Saratoga","2020","230,298","",
"36","New York","36093","Schenectady","2020","155,358","",
"36","New York","36095","Schoharie","2020","31,132","",
"36","New York","36097","Schuyler","2020","17,685","",
"36","New York","36099","Seneca","2020","33,991","",
"36","New York","36089","St. Lawrence","2020","107,185","",
"36","New York","36101","Steuben","2020","94,657","",
"36","New York","36103","Suffolk","2020","1,474,273","",
"36","New York","36105","Sullivan","2020","75,802","",
"36","New York","36107","Tioga","2020","47,904","",
"36","New York","36109","Tompkins","2020","101,058","",
"36","New York","36111","Ulster","2020","177,716","",
"36","New York","36113","Warren","2020","63,756","",
"36","New York","36115","Washington","2020","60,606","",
"36","New York","36117","Wayne","2020","89,339","",
"36","New York","36119","Westchester","2020","965,802","",
"36","New York","36121","Wyoming","2020","39,465","",
"36","New York","36123","Yates","2020","24,780","",
"37","North Carolina","37001","Alamance","2020","171,346","",
"37","North Carolina","37003","Alexander","2020","37,441","",
"37","North Carolina","37005","Alleghany","2020","11,194","",
"37","North Carolina","37007","Anson","2020","24,097","",
"37","North Carolina","37009","Ashe","2020","27,166","",
"37","North Carolina","37011","Avery","2020","17,571","",
"37","North Carolina","37013","Beaufort","2020","47,073","",
"37","North Carolina","37015","Bertie","2020","18,712","",
"37","North Carolina","37017","Bladen","2020","32,911","",
"37","North Carolina","37019","Brunswick","2020","149,039","",
"37","North Carolina","37021","Buncombe","2020","263,477","",
"37","North Carolina","37023","Burke","2020","90,418","",
"37","North Carolina","37025","Cabarrus","2020","221,479","",
"37","North Carolina","37027","Caldwell","2020","82,100","",
"37","North Carolina","37029","Camden","2020","10,984","",
"37","North Carolina","37031","Carteret","2020","69,558","",
"37","North Carolina","37033","Caswell","2020","22,443","",
"37","North Carolina","37035","Catawba","2020","160,307","",
"37","North Carolina","37037","Chatham","2020","75,748","",
"37","North Carolina","37039","Cherokee","2020","29,073","",
"37","North Carolina","37041","Chowan","2020","13,815","",
"37","North Carolina","37043","Clay","2020","11,505","",
"37","North Carolina","37045","Cleveland","2020","99,035","",
"37","North Carolina","37047","Columbus","2020","54,754","",
"37","North Carolina","37049","Craven","2020","101,233","",
"37","North Carolina","37051","Cumberland","2020","336,364","",
"37","North Carolina","37053","Currituck","2020","29,052","",
"37","North Carolina","37055","Dare","2020","37,547","",
"37","North Carolina","37057","Davidson","2020","169,234","",
"37","North Carolina","37059","Davie","2020","43,286","",
"37","North Carolina","37061","Duplin","2020","58,794","",
"37","North Carolina","37063","Durham","2020","327,306","",
"37","North Carolina","37065","Edgecombe","2020","50,829","",
"37","North Carolina","37067","Forsyth","2020","383,843","",
"37","North Carolina","37069","Franklin","2020","71,859","",
"37","North Carolina","37071","Gaston","2020","226,568","",
"37","North Carolina","37073","Gates","2020","11,464","",
"37","North Carolina","37075","Graham","2020","8,474","",
"37","North Carolina","37077","Granville","2020","60,486","",
"37","North Carolina","37079","Greene","2020","20,928","",
"37","North Carolina","37081","Guilford","2020","540,521","",
"37","North Carolina","37083","Halifax","2020","49,479","",
"37","North Carolina","37085","Harnett","2020","137,058","",
"37","North Carolina","37087","Haywood","2020","62,972","",
"37","North Carolina","37089","Henderson","2020","118,445","",
"37","North Carolina","37091","Hertford","2020","23,108","",
"37","North Carolina","37093","Hoke","2020","55,830","",
"37","North Carolina","37095","Hyde","2020","4,843","",
"37","North Carolina","37097","Iredell","2020","185,770","",
"37","North Carolina","37099","Jackson","2020","44,033","",
"37","North Carolina","37101","Johnston","2020","216,246","",
"37","North Carolina","37103","Jones","2020","9,250","",
"37","North Carolina","37105","Lee","2020","62,353","",
"37","North Carolina","37107","Lenoir","2020","55,720","",
"37","North Carolina","37109","Lincoln","2020","88,097","",
"37","North Carolina","37113","Macon","2020","35,994","",
"37","North Carolina","37115","Madison","2020","21,740","",
"37","North Carolina","37117","Martin","2020","22,178","",
"37","North Carolina","37111","McDowell","2020","45,782","",
"37","North Carolina","37119","Mecklenburg","2020","1,128,945","",
"37","North Carolina","37121","Mitchell","2020","14,881","",
"37","North Carolina","37123","Montgomery","2020","27,238","",
"37","North Carolina","37125","Moore","2020","103,352","",
"37","North Carolina","37127","Nash","2020","94,859","",
"37","North Carolina","37129","New Hanover","2020","236,613","",
"37","North Carolina","37131","Northampton","2020","19,088","",
"37","North Carolina","37133","Onslow","2020","203,943","",
"37","North Carolina","37135","Orange","2020","149,077","",
"37","North Carolina","37137","Pamlico","2020","12,715","",
"37","North Carolina","37139","Pasquotank","2020","40,372","",
"37","North Carolina","37141","Pender","2020","64,671","",
"37","North Carolina","37143","Perquimans","2020","13,667","",
"37","North Carolina","37145","Person","2020","39,925","",
"37","North Carolina","37147","Pitt","2020","182,924","",
"37","North Carolina","37149","Polk","2020","21,030","",
"37","North Carolina","37151","Randolph","2020","144,557","",
"37","North Carolina","37153","Richmond","2020","44,332","",
"37","North Carolina","37155","Robeson","2020","129,999","",
"37","North Carolina","37157","Rockingham","2020","91,285","",
"37","North Carolina","37159","Rowan","2020","142,495","",
"37","North Carolina","37161","Rutherford","2020","67,076","",
"37","North Carolina","37163","Sampson","2020","63,382","",
"37","North Carolina","37165","Scotland","2020","34,637","",
"37","North Carolina","37167","Stanly","2020","63,239","",
"37","North Carolina","37169","Stokes","2020","45,743","",
"37","North Carolina","37171","Surry","2020","71,683","",
"37","North Carolina","37173","Swain","2020","14,179","",
"37","North Carolina","37175","Transylvania","2020","34,498","",
"37","North Carolina","37177","Tyrrell","2020","3,774","",
"37","North Carolina","37179","Union","2020","244,562","",
"37","North Carolina","37181","Vance","2020","44,718","",
"37","North Carolina","37183","Wake","2020","1,132,271","",
"37","North Carolina","37185","Warren","2020","19,522","",
"37","North Carolina","37187","Washington","2020","11,485","",
"37","North Carolina","37189","Watauga","2020","56,441","",
"37","North Carolina","37191","Wayne","2020","123,967","",
"37","North Carolina","37193","Wilkes","2020","68,043","",
"37","North Carolina","37195","Wilson","2020","81,979","",
"37","North Carolina","37197","Yadkin","2020","37,625","",
"37","North Carolina","37199","Yancey","2020","18,099","",
"38","North Dakota","38001","Adams","2020","2,188","",
"38","North Dakota","38003","Barnes","2020","10,402","",
"38","North Dakota","38005","Benson","2020","6,762","",
"38","North Dakota","38007","Billings","2020","890","",
"38","North Dakota","38009","Bottineau","2020","6,287","",
"38","North Dakota","38011","Bowman","2020","2,986","",
"38","North Dakota","38013","Burke","2020","2,118","",
"38","North Dakota","38015","Burleigh","2020","96,212","",
"38","North Dakota","38017","Cass","2020","183,904","",
"38","North Dakota","38019","Cavalier","2020","3,713","",
"38","North Dakota","38021","Dickey","2020","4,705","",
"38","North Dakota","38023","Divide","2020","2,277","",
"38","North Dakota","38025","Dunn","2020","4,465","",
"38","North Dakota","38027","Eddy","2020","2,179","",
"38","North Dakota","38029","Emmons","2020","3,187","",
"38","North Dakota","38031","Foster","2020","3,165","",
"38","North Dakota","38033","Golden Valley","2020","1,737","",
"38","North Dakota","38035","Grand Forks","2020","69,481","",
"38","North Dakota","38037","Grant","2020","2,215","",
"38","North Dakota","38039","Griggs","2020","2,207","",
"38","North Dakota","38041","Hettinger","2020","2,438","",
"38","North Dakota","38043","Kidder","2020","2,458","",
"38","North Dakota","38045","LaMoure","2020","4,033","",
"38","North Dakota","38047","Logan","2020","1,880","",
"38","North Dakota","38049","McHenry","2020","5,695","",
"38","North Dakota","38051","McIntosh","2020","2,440","",
"38","North Dakota","38053","McKenzie","2020","15,242","",
"38","North Dakota","38055","McLean","2020","9,416","",
"38","North Dakota","38057","Mercer","2020","8,174","",
"38","North Dakota","38059","Morton","2020","31,503","",
"38","North Dakota","38061","Mountrail","2020","10,502","",
"38","North Dakota","38063","Nelson","2020","2,789","",
"38","North Dakota","38065","Oliver","2020","1,926","",
"38","North Dakota","38067","Pembina","2020","6,658","",
"38","North Dakota","38069","Pierce","2020","3,928","",
"38","North Dakota","38071","Ramsey","2020","11,388","",
"38","North Dakota","38073","Ransom","2020","5,173","",
"38","North Dakota","38075","Renville","2020","2,283","",
"38","North Dakota","38077","Richland","2020","16,156","",
"38","North Dakota","38079","Rolette","2020","14,165","",
"38","North Dakota","38081","Sargent","2020","3,913","",
"38","North Dakota","38083","Sheridan","2020","1,275","",
"38","North Dakota","38085","Sioux","2020","4,173","",
"38","North Dakota","38087","Slope","2020","747","",
"38","North Dakota","38089","Stark","2020","32,107","",
"38","North Dakota","38091","Steele","2020","1,890","",
"38","North Dakota","38093","Stutsman","2020","20,498","",
"38","North Dakota","38095","Towner","2020","2,108","",
"38","North Dakota","38097","Traill","2020","7,959","",
"38","North Dakota","38099","Walsh","2020","10,437","",
"38","North Dakota","38101","Ward","2020","68,466","",
"38","North Dakota","38103","Wells","2020","3,709","",
"38","North Dakota","38105","Williams","2020","38,700","",
"39","Ohio","39001","Adams","2020","27,531","",
"39","Ohio","39003","Allen","2020","101,980","",
"39","Ohio","39005","Ashland","2020","53,362","",
"39","Ohio","39007","Ashtabula","2020","96,513","",
"39","Ohio","39009","Athens","2020","65,481","",
"39","Ohio","39011","Auglaize","2020","45,680","",
"39","Ohio","39013","Belmont","2020","65,932","",
"39","Ohio","39015","Brown","2020","43,414","",
"39","Ohio","39017","Butler","2020","385,648","",
"39","Ohio","39019","Carroll","2020","26,897","",
"39","Ohio","39021","Champaign","2020","38,960","",
"39","Ohio","39023","Clark","2020","133,593","",
"39","Ohio","39025","Clermont","2020","207,449","",
"39","Ohio","39027","Clinton","2020","41,921","",
"39","Ohio","39029","Columbiana","2020","101,118","",
"39","Ohio","39031","Coshocton","2020","36,449","",
"39","Ohio","39033","Crawford","2020","41,338","",
"39","Ohio","39035","Cuyahoga","2020","1,227,883","",
"39","Ohio","39037","Darke","2020","51,205","",
"39","Ohio","39039","Defiance","2020","37,778","",
"39","Ohio","39041","Delaware","2020","213,554","",
"39","Ohio","39043","Erie","2020","73,719","",
"39","Ohio","39045","Fairfield","2020","159,709","",
"39","Ohio","39047","Fayette","2020","28,579","",
"39","Ohio","39049","Franklin","2020","1,324,624","",
"39","Ohio","39051","Fulton","2020","41,889","",
"39","Ohio","39053","Gallia","2020","29,802","",
"39","Ohio","39055","Geauga","2020","93,271","",
"39","Ohio","39057","Greene","2020","170,122","",
"39","Ohio","39059","Guernsey","2020","38,779","",
"39","Ohio","39061","Hamilton","2020","817,985","",
"39","Ohio","39063","Hancock","2020","75,407","",
"39","Ohio","39065","Hardin","2020","31,469","",
"39","Ohio","39067","Harrison","2020","15,014","",
"39","Ohio","39069","Henry","2020","26,904","",
"39","Ohio","39071","Highland","2020","43,304","",
"39","Ohio","39073","Hocking","2020","28,095","",
"39","Ohio","39075","Holmes","2020","44,004","",
"39","Ohio","39077","Huron","2020","57,979","",
"39","Ohio","39079","Jackson","2020","32,493","",
"39","Ohio","39081","Jefferson","2020","64,939","",
"39","Ohio","39083","Knox","2020","62,423","",
"39","Ohio","39085","Lake","2020","229,569","",
"39","Ohio","39087","Lawrence","2020","59,091","",
"39","Ohio","39089","Licking","2020","178,100","",
"39","Ohio","39091","Logan","2020","45,326","",
"39","Ohio","39093","Lorain","2020","312,172","",
"39","Ohio","39095","Lucas","2020","428,294","",
"39","Ohio","39097","Madison","2020","44,559","",
"39","Ohio","39099","Mahoning","2020","226,075","",
"39","Ohio","39101","Marion","2020","64,820","",
"39","Ohio","39103","Medina","2020","180,912","",
"39","Ohio","39105","Meigs","2020","22,678","",
"39","Ohio","39107","Mercer","2020","41,274","",
"39","Ohio","39109","Miami","2020","107,516","",
"39","Ohio","39111","Monroe","2020","13,586","",
"39","Ohio","39113","Montgomery","2020","531,610","",
"39","Ohio","39115","Morgan","2020","14,305","",
"39","Ohio","39117","Morrow","2020","35,411","",
"39","Ohio","39119","Muskingum","2020","86,020","",
"39","Ohio","39121","Noble","2020","14,364","",
"39","Ohio","39123","Ottawa","2020","40,253","",
"39","Ohio","39125","Paulding","2020","18,648","",
"39","Ohio","39127","Perry","2020","36,215","",
"39","Ohio","39129","Pickaway","2020","58,658","",
"39","Ohio","39131","Pike","2020","27,695","",
"39","Ohio","39133","Portage","2020","162,583","",
"39","Ohio","39135","Preble","2020","40,836","",
"39","Ohio","39137","Putnam","2020","33,654","",
"39","Ohio","39139","Richland","2020","120,891","",
"39","Ohio","39141","Ross","2020","76,420","",
"39","Ohio","39143","Sandusky","2020","58,351","",
"39","Ohio","39145","Scioto","2020","74,347","",
"39","Ohio","39147","Seneca","2020","54,938","",
"39","Ohio","39149","Shelby","2020","48,337","",
"39","Ohio","39151","Stark","2020","369,772","",
"39","Ohio","39153","Summit","2020","538,866","",
"39","Ohio","39155","Trumbull","2020","196,800","",
"39","Ohio","39157","Tuscarawas","2020","91,776","",
"39","Ohio","39159","Union","2020","60,021","",
"39","Ohio","39161","Van Wert","2020","28,159","",
"39","Ohio","39163","Vinton","2020","12,972","",
"39","Ohio","39165","Warren","2020","238,412","",
"39","Ohio","39167","Washington","2020","59,652","",
"39","Ohio","39169","Wayne","2020","115,694","",
"39","Ohio","39171","Williams","2020","36,565","",
"39","Ohio","39173","Wood","2020","131,113","",
"39","Ohio","39175","Wyandot","2020","21,711","",
"40","Oklahoma","40001","Adair","2020","21,955","",
"40","Oklahoma","40003","Alfalfa","2020","5,718","",
"40","Oklahoma","40005","Atoka","2020","13,912","",
"40","Oklahoma","40007","Beaver","2020","5,207","",
"40","Oklahoma","40009","Beckham","2020","21,468","",
"40","Oklahoma","40011","Blaine","2020","9,447","",
"40","Oklahoma","40013","Bryan","2020","48,998","",
"40","Oklahoma","40015","Caddo","2020","28,684","",
"40","Oklahoma","40017","Canadian","2020","153,192","",
"40","Oklahoma","40019","Carter","2020","48,353","",
"40","Oklahoma","40021","Cherokee","2020","49,019","",
"40","Oklahoma","40023","Choctaw","2020","14,646","",
"40","Oklahoma","40025","Cimarron","2020","2,145","",
"40","Oklahoma","40027","Cleveland","2020","287,066","",
"40","Oklahoma","40029","Coal","2020","5,587","",
"40","Oklahoma","40031","Comanche","2020","121,099","",
"40","Oklahoma","40033","Cotton","2020","5,676","",
"40","Oklahoma","40035","Craig","2020","14,194","",
"40","Oklahoma","40037","Creek","2020","71,485","",
"40","Oklahoma","40039","Custer","2020","28,648","",
"40","Oklahoma","40041","Delaware","2020","43,136","",
"40","Oklahoma","40043","Dewey","2020","4,815","",
"40","Oklahoma","40045","Ellis","2020","3,830","",
"40","Oklahoma","40047","Garfield","2020","60,869","",
"40","Oklahoma","40049","Garvin","2020","27,691","",
"40","Oklahoma","40051","Grady","2020","55,906","",
"40","Oklahoma","40053","Grant","2020","4,372","",
"40","Oklahoma","40055","Greer","2020","5,704","",
"40","Oklahoma","40057","Harmon","2020","2,557","",
"40","Oklahoma","40059","Harper","2020","3,611","",
"40","Oklahoma","40061","Haskell","2020","12,652","",
"40","Oklahoma","40063","Hughes","2020","13,126","",
"40","Oklahoma","40065","Jackson","2020","24,305","",
"40","Oklahoma","40067","Jefferson","2020","5,949","",
"40","Oklahoma","40069","Johnston","2020","10,824","",
"40","Oklahoma","40071","Kay","2020","43,274","",
"40","Oklahoma","40073","Kingfisher","2020","15,806","",
"40","Oklahoma","40075","Kiowa","2020","8,741","",
"40","Oklahoma","40077","Latimer","2020","10,132","",
"40","Oklahoma","40079","Le Flore","2020","49,935","",
"40","Oklahoma","40081","Lincoln","2020","35,045","",
"40","Oklahoma","40083","Logan","2020","48,777","",
"40","Oklahoma","40085","Love","2020","10,230","",
"40","Oklahoma","40093","Major","2020","7,579","",
"40","Oklahoma","40095","Marshall","2020","17,114","",
"40","Oklahoma","40097","Mayes","2020","41,152","",
"40","Oklahoma","40087","McClain","2020","41,348","",
"40","Oklahoma","40089","McCurtain","2020","32,772","",
"40","Oklahoma","40091","McIntosh","2020","19,635","",
"40","Oklahoma","40099","Murray","2020","13,955","",
"40","Oklahoma","40101","Muskogee","2020","67,610","",
"40","Oklahoma","40103","Noble","2020","11,113","",
"40","Oklahoma","40105","Nowata","2020","10,076","",
"40","Oklahoma","40107","Okfuskee","2020","11,765","",
"40","Oklahoma","40109","Oklahoma","2020","804,041","",
"40","Oklahoma","40111","Okmulgee","2020","38,234","",
"40","Oklahoma","40113","Osage","2020","46,642","",
"40","Oklahoma","40115","Ottawa","2020","30,879","",
"40","Oklahoma","40117","Pawnee","2020","16,381","",
"40","Oklahoma","40119","Payne","2020","81,755","",
"40","Oklahoma","40121","Pittsburg","2020","43,679","",
"40","Oklahoma","40123","Pontotoc","2020","38,397","",
"40","Oklahoma","40125","Pottawatomie","2020","72,998","",
"40","Oklahoma","40127","Pushmataha","2020","10,970","",
"40","Oklahoma","40129","Roger Mills","2020","3,570","",
"40","Oklahoma","40131","Rogers","2020","93,155","",
"40","Oklahoma","40133","Seminole","2020","24,248","",
"40","Oklahoma","40135","Sequoyah","2020","41,538","",
"40","Oklahoma","40137","Stephens","2020","43,100","",
"40","Oklahoma","40139","Texas","2020","19,997","",
"40","Oklahoma","40141","Tillman","2020","7,229","",
"40","Oklahoma","40143","Tulsa","2020","657,589","",
"40","Oklahoma","40145","Wagoner","2020","82,925","",
"40","Oklahoma","40147","Washington","2020","52,222","",
"40","Oklahoma","40149","Washita","2020","10,830","",
"40","Oklahoma","40151","Woods","2020","8,687","",
"40","Oklahoma","40153","Woodward","2020","19,812","",
"41","Oregon","41001","Baker","2020","16,284","",
"41","Oregon","41003","Benton","2020","93,239","",
"41","Oregon","41005","Clackamas","2020","421,596","",
"41","Oregon","41007","Clatsop","2020","40,423","",
"41","Oregon","41009","Columbia","2020","52,876","",
"41","Oregon","41011","Coos","2020","64,711","",
"41","Oregon","41013","Crook","2020","25,105","",
"41","Oregon","41015","Curry","2020","23,305","",
"41","Oregon","41017","Deschutes","2020","201,769","",
"41","Oregon","41019","Douglas","2020","111,364","",
"41","Oregon","41021","Gilliam","2020","1,975","",
"41","Oregon","41023","Grant","2020","7,180","",
"41","Oregon","41025","Harney","2020","7,373","",
"41","Oregon","41027","Hood River","2020","23,280","",
"41","Oregon","41029","Jackson","2020","221,844","",
"41","Oregon","41031","Jefferson","2020","24,856","",
"41","Oregon","41033","Josephine","2020","88,053","",
"41","Oregon","41035","Klamath","2020","68,739","",
"41","Oregon","41037","Lake","2020","7,949","",
"41","Oregon","41039","Lane","2020","382,986","",
"41","Oregon","41041","Lincoln","2020","50,583","",
"41","Oregon","41043","Linn","2020","131,054","",
"41","Oregon","41045","Malheur","2020","30,983","",
"41","Oregon","41047","Marion","2020","349,204","",
"41","Oregon","41049","Morrow","2020","11,700","",
"41","Oregon","41051","Multnomah","2020","815,637","",
"41","Oregon","41053","Polk","2020","87,744","",
"41","Oregon","41055","Sherman","2020","1,801","",
"41","Oregon","41057","Tillamook","2020","27,442","",
"41","Oregon","41059","Umatilla","2020","77,752","",
"41","Oregon","41061","Union","2020","26,551","",
"41","Oregon","41063","Wallowa","2020","7,181","",
"41","Oregon","41065","Wasco","2020","26,403","",
"41","Oregon","41067","Washington","2020","603,514","",
"41","Oregon","41069","Wheeler","2020","1,387","",
"41","Oregon","41071","Yamhill","2020","107,664","",
"42","Pennsylvania","42001","Adams","2020","102,742","",
"42","Pennsylvania","42003","Allegheny","2020","1,211,358","",
"42","Pennsylvania","42005","Armstrong","2020","64,162","",
"42","Pennsylvania","42007","Beaver","2020","162,575","",
"42","Pennsylvania","42009","Bedford","2020","47,817","",
"42","Pennsylvania","42011","Berks","2020","421,017","",
"42","Pennsylvania","42013","Blair","2020","121,007","",
"42","Pennsylvania","42015","Bradford","2020","60,221","",
"42","Pennsylvania","42017","Bucks","2020","627,987","",
"42","Pennsylvania","42019","Butler","2020","189,135","",
"42","Pennsylvania","42021","Cambria","2020","128,672","",
"42","Pennsylvania","42023","Cameron","2020","4,330","",
"42","Pennsylvania","42025","Carbon","2020","64,081","",
"42","Pennsylvania","42027","Centre","2020","161,496","",
"42","Pennsylvania","42029","Chester","2020","526,759","",
"42","Pennsylvania","42031","Clarion","2020","38,305","",
"42","Pennsylvania","42033","Clearfield","2020","78,612","",
"42","Pennsylvania","42035","Clinton","2020","37,957","",
"42","Pennsylvania","42037","Columbia","2020","64,842","",
"42","Pennsylvania","42039","Crawford","2020","83,697","",
"42","Pennsylvania","42041","Cumberland","2020","255,857","",
"42","Pennsylvania","42043","Dauphin","2020","279,874","",
"42","Pennsylvania","42045","Delaware","2020","566,753","",
"42","Pennsylvania","42047","Elk","2020","29,607","",
"42","Pennsylvania","42049","Erie","2020","268,426","",
"42","Pennsylvania","42051","Fayette","2020","128,126","",
"42","Pennsylvania","42053","Forest","2020","6,965","",
"42","Pennsylvania","42055","Franklin","2020","155,637","",
"42","Pennsylvania","42057","Fulton","2020","14,501","",
"42","Pennsylvania","42059","Greene","2020","35,621","",
"42","Pennsylvania","42061","Huntingdon","2020","44,590","",
"42","Pennsylvania","42063","Indiana","2020","83,664","",
"42","Pennsylvania","42065","Jefferson","2020","43,108","",
"42","Pennsylvania","42067","Juniata","2020","24,619","",
"42","Pennsylvania","42069","Lackawanna","2020","208,989","",
"42","Pennsylvania","42071","Lancaster","2020","546,192","",
"42","Pennsylvania","42073","Lawrence","2020","85,083","",
"42","Pennsylvania","42075","Lebanon","2020","141,663","",
"42","Pennsylvania","42077","Lehigh","2020","370,802","",
"42","Pennsylvania","42079","Luzerne","2020","316,982","",
"42","Pennsylvania","42081","Lycoming","2020","113,209","",
"42","Pennsylvania","42083","McKean","2020","40,333","",
"42","Pennsylvania","42085","Mercer","2020","108,545","",
"42","Pennsylvania","42087","Mifflin","2020","46,064","",
"42","Pennsylvania","42089","Monroe","2020","170,154","",
"42","Pennsylvania","42091","Montgomery","2020","833,869","",
"42","Pennsylvania","42093","Montour","2020","18,042","",
"42","Pennsylvania","42095","Northampton","2020","305,892","",
"42","Pennsylvania","42097","Northumberland","2020","90,258","",
"42","Pennsylvania","42099","Perry","2020","46,212","",
"42","Pennsylvania","42101","Philadelphia","2020","1,578,487","",
"42","Pennsylvania","42103","Pike","2020","56,072","",
"42","Pennsylvania","42105","Potter","2020","16,453","",
"42","Pennsylvania","42107","Schuylkill","2020","140,709","",
"42","Pennsylvania","42109","Snyder","2020","40,317","",
"42","Pennsylvania","42111","Somerset","2020","72,916","",
"42","Pennsylvania","42113","Sullivan","2020","5,913","",
"42","Pennsylvania","42115","Susquehanna","2020","40,006","",
"42","Pennsylvania","42117","Tioga","2020","40,381","",
"42","Pennsylvania","42119","Union","2020","44,294","",
"42","Pennsylvania","42121","Venango","2020","50,328","",
"42","Pennsylvania","42123","Warren","2020","38,911","",
"42","Pennsylvania","42125","Washington","2020","206,803","",
"42","Pennsylvania","42127","Wayne","2020","51,163","",
"42","Pennsylvania","42129","Westmoreland","2020","347,087","",
"42","Pennsylvania","42131","Wyoming","2020","26,557","",
"42","Pennsylvania","42133","York","2020","450,448","",
"44","Rhode Island","44001","Bristol","2020","48,350","",
"44","Rhode Island","44003","Kent","2020","164,646","",
"44","Rhode Island","44005","Newport","2020","81,836","",
"44","Rhode Island","44007","Providence","2020","636,547","",
"44","Rhode Island","44009","Washington","2020","125,746","",
"45","South Carolina","45001","Abbeville","2020","24,404","",
"45","South Carolina","45003","Aiken","2020","172,895","",
"45","South Carolina","45005","Allendale","2020","8,331","",
"45","South Carolina","45007","Anderson","2020","204,353","",
"45","South Carolina","45009","Bamberg","2020","13,906","",
"45","South Carolina","45011","Barnwell","2020","20,805","",
"45","South Carolina","45013","Beaufort","2020","195,656","",
"45","South Carolina","45015","Berkeley","2020","235,987","",
"45","South Carolina","45017","Calhoun","2020","14,554","",
"45","South Carolina","45019","Charleston","2020","417,981","",
"45","South Carolina","45021","Cherokee","2020","57,316","",
"45","South Carolina","45023","Chester","2020","32,232","",
"45","South Carolina","45025","Chesterfield","2020","45,606","",
"45","South Carolina","45027","Clarendon","2020","33,415","",
"45","South Carolina","45029","Colleton","2020","37,481","",
"45","South Carolina","45031","Darlington","2020","66,509","",
"45","South Carolina","45033","Dillon","2020","30,367","",
"45","South Carolina","45035","Dorchester","2020","165,737","",
"45","South Carolina","45037","Edgefield","2020","27,120","",
"45","South Carolina","45039","Fairfield","2020","22,059","",
"45","South Carolina","45041","Florence","2020","137,588","",
"45","South Carolina","45043","Georgetown","2020","63,353","",
"45","South Carolina","45045","Greenville","2020","532,486","",
"45","South Carolina","45047","Greenwood","2020","71,074","",
"45","South Carolina","45049","Hampton","2020","18,053","",
"45","South Carolina","45051","Horry","2020","365,449","",
"45","South Carolina","45053","Jasper","2020","31,588","",
"45","South Carolina","45055","Kershaw","2020","67,472","",
"45","South Carolina","45057","Lancaster","2020","100,926","",
"45","South Carolina","45059","Laurens","2020","67,883","",
"45","South Carolina","45061","Lee","2020","16,701","",
"45","South Carolina","45063","Lexington","2020","303,946","",
"45","South Carolina","45067","Marion","2020","30,158","",
"45","South Carolina","45069","Marlboro","2020","25,581","",
"45","South Carolina","45065","McCormick","2020","9,430","",
"45","South Carolina","45071","Newberry","2020","38,445","",
"45","South Carolina","45073","Oconee","2020","80,015","",
"45","South Carolina","45075","Orangeburg","2020","85,343","",
"45","South Carolina","45077","Pickens","2020","127,983","",
"45","South Carolina","45079","Richland","2020","419,051","",
"45","South Carolina","45081","Saluda","2020","20,315","",
"45","South Carolina","45083","Spartanburg","2020","326,205","",
"45","South Carolina","45085","Sumter","2020","106,360","",
"45","South Carolina","45087","Union","2020","26,991","",
"45","South Carolina","45089","Williamsburg","2020","29,825","",
"45","South Carolina","45091","York","2020","289,105","",
"46","South Dakota","46003","Aurora","2020","2,730","",
"46","South Dakota","46005","Beadle","2020","18,513","",
"46","South Dakota","46007","Bennett","2020","3,399","",
"46","South Dakota","46009","Bon Homme","2020","6,848","",
"46","South Dakota","46011","Brookings","2020","35,603","",
"46","South Dakota","46013","Brown","2020","38,738","",
"46","South Dakota","46015","Brule","2020","5,254","",
"46","South Dakota","46017","Buffalo","2020","1,956","",
"46","South Dakota","46019","Butte","2020","10,538","",
"46","South Dakota","46021","Campbell","2020","1,380","",
"46","South Dakota","46023","Charles Mix","2020","9,262","",
"46","South Dakota","46025","Clark","2020","3,802","",
"46","South Dakota","46027","Clay","2020","14,246","",
"46","South Dakota","46029","Codington","2020","28,186","",
"46","South Dakota","46031","Corson","2020","4,031","",
"46","South Dakota","46033","Custer","2020","9,017","",
"46","South Dakota","46035","Davison","2020","19,812","",
"46","South Dakota","46037","Day","2020","5,345","",
"46","South Dakota","46039","Deuel","2020","4,346","",
"46","South Dakota","46041","Dewey","2020","5,789","",
"46","South Dakota","46043","Douglas","2020","2,906","",
"46","South Dakota","46045","Edmunds","2020","3,817","",
"46","South Dakota","46047","Fall River","2020","6,708","",
"46","South Dakota","46049","Faulk","2020","2,306","",
"46","South Dakota","46051","Grant","2020","7,000","",
"46","South Dakota","46053","Gregory","2020","4,219","",
"46","South Dakota","46055","Haakon","2020","1,861","",
"46","South Dakota","46057","Hamlin","2020","6,234","",
"46","South Dakota","46059","Hand","2020","3,127","",
"46","South Dakota","46061","Hanson","2020","3,489","",
"46","South Dakota","46063","Harding","2020","1,311","",
"46","South Dakota","46065","Hughes","2020","17,336","",
"46","South Dakota","46067","Hutchinson","2020","7,282","",
"46","South Dakota","46069","Hyde","2020","1,281","",
"46","South Dakota","46071","Jackson","2020","3,321","",
"46","South Dakota","46073","Jerauld","2020","1,985","",
"46","South Dakota","46075","Jones","2020","938","",
"46","South Dakota","46077","Kingsbury","2020","4,987","",
"46","South Dakota","46079","Lake","2020","12,488","",
"46","South Dakota","46081","Lawrence","2020","26,221","",
"46","South Dakota","46083","Lincoln","2020","63,019","",
"46","South Dakota","46085","Lyman","2020","3,797","",
"46","South Dakota","46091","Marshall","2020","4,884","",
"46","South Dakota","46087","McCook","2020","5,520","",
"46","South Dakota","46089","McPherson","2020","2,363","",
"46","South Dakota","46093","Meade","2020","28,588","",
"46","South Dakota","46095","Mellette","2020","2,089","",
"46","South Dakota","46097","Miner","2020","2,202","",
"46","South Dakota","46099","Minnehaha","2020","196,659","",
"46","South Dakota","46101","Moody","2020","6,525","",
"46","South Dakota","46103","Pennington","2020","115,926","",
"46","South Dakota","46105","Perkins","2020","2,832","",
"46","South Dakota","46107","Potter","2020","2,163","",
"46","South Dakota","46109","Roberts","2020","10,331","",
"46","South Dakota","46111","Sanborn","2020","2,322","",
"46","South Dakota","46113","Shannon","2020","14,070","",
"46","South Dakota","46115","Spink","2020","6,319","",
"46","South Dakota","46117","Stanley","2020","3,121","",
"46","South Dakota","46119","Sully","2020","1,391","",
"46","South Dakota","46121","Todd","2020","10,313","",
"46","South Dakota","46123","Tripp","2020","5,377","",
"46","South Dakota","46125","Turner","2020","8,368","",
"46","South Dakota","46127","Union","2020","16,192","",
"46","South Dakota","46129","Walworth","2020","5,336","",
"46","South Dakota","46135","Yankton","2020","22,742","",
"46","South Dakota","46137","Ziebach","2020","2,656","",
"47","Tennessee","47001","Anderson","2020","77,558","",
"47","Tennessee","47003","Bedford","2020","50,179","",
"47","Tennessee","47005","Benton","2020","16,131","",
"47","Tennessee","47007","Bledsoe","2020","15,223","",
"47","Tennessee","47009","Blount","2020","134,751","",
"47","Tennessee","47011","Bradley","2020","109,071","",
"47","Tennessee","47013","Campbell","2020","39,837","",
"47","Tennessee","47015","Cannon","2020","14,847","",
"47","Tennessee","47017","Carroll","2020","27,779","",
"47","Tennessee","47019","Carter","2020","56,418","",
"47","Tennessee","47021","Cheatham","2020","41,101","",
"47","Tennessee","47023","Chester","2020","17,432","",
"47","Tennessee","47025","Claiborne","2020","32,023","",
"47","Tennessee","47027","Clay","2020","7,629","",
"47","Tennessee","47029","Cocke","2020","36,225","",
"47","Tennessee","47031","Coffee","2020","57,632","",
"47","Tennessee","47033","Crockett","2020","14,180","",
"47","Tennessee","47035","Cumberland","2020","61,603","",
"47","Tennessee","47037","Davidson","2020","694,176","",
"47","Tennessee","47039","Decatur","2020","11,601","",
"47","Tennessee","47041","DeKalb","2020","20,837","",
"47","Tennessee","47043","Dickson","2020","54,376","",
"47","Tennessee","47045","Dyer","2020","36,693","",
"47","Tennessee","47047","Fayette","2020","41,620","",
"47","Tennessee","47049","Fentress","2020","18,787","",
"47","Tennessee","47051","Franklin","2020","42,485","",
"47","Tennessee","47053","Gibson","2020","49,159","",
"47","Tennessee","47055","Giles","2020","29,530","",
"47","Tennessee","47057","Grainger","2020","23,565","",
"47","Tennessee","47059","Greene","2020","69,571","",
"47","Tennessee","47061","Grundy","2020","13,485","",
"47","Tennessee","47063","Hamblen","2020","65,110","",
"47","Tennessee","47065","Hamilton","2020","371,662","",
"47","Tennessee","47067","Hancock","2020","6,493","",
"47","Tennessee","47069","Hardeman","2020","24,836","",
"47","Tennessee","47071","Hardin","2020","25,583","",
"47","Tennessee","47073","Hawkins","2020","56,775","",
"47","Tennessee","47075","Haywood","2020","17,002","",
"47","Tennessee","47077","Henderson","2020","28,076","",
"47","Tennessee","47079","Henry","2020","32,056","",
"47","Tennessee","47081","Hickman","2020","25,387","",
"47","Tennessee","47083","Houston","2020","8,292","",
"47","Tennessee","47085","Humphreys","2020","18,590","",
"47","Tennessee","47087","Jackson","2020","11,864","",
"47","Tennessee","47089","Jefferson","2020","55,307","",
"47","Tennessee","47091","Johnson","2020","17,849","",
"47","Tennessee","47093","Knox","2020","475,609","",
"47","Tennessee","47095","Lake","2020","6,988","",
"47","Tennessee","47097","Lauderdale","2020","25,451","",
"47","Tennessee","47099","Lawrence","2020","44,432","",
"47","Tennessee","47101","Lewis","2020","12,363","",
"47","Tennessee","47103","Lincoln","2020","34,540","",
"47","Tennessee","47105","Loudon","2020","54,910","",
"47","Tennessee","47111","Macon","2020","24,827","",
"47","Tennessee","47113","Madison","2020","98,360","",
"47","Tennessee","47115","Marion","2020","28,924","",
"47","Tennessee","47117","Marshall","2020","35,016","",
"47","Tennessee","47119","Maury","2020","99,590","",
"47","Tennessee","47107","McMinn","2020","54,208","",
"47","Tennessee","47109","McNairy","2020","25,696","",
"47","Tennessee","47121","Meigs","2020","12,532","",
"47","Tennessee","47123","Monroe","2020","47,177","",
"47","Tennessee","47125","Montgomery","2020","214,251","",
"47","Tennessee","47127","Moore","2020","6,438","",
"47","Tennessee","47129","Morgan","2020","21,431","",
"47","Tennessee","47131","Obion","2020","30,131","",
"47","Tennessee","47133","Overton","2020","22,566","",
"47","Tennessee","47135","Perry","2020","8,099","",
"47","Tennessee","47137","Pickett","2020","5,061","",
"47","Tennessee","47139","Polk","2020","16,835","",
"47","Tennessee","47141","Putnam","2020","80,929","",
"47","Tennessee","47143","Rhea","2020","33,443","",
"47","Tennessee","47145","Roane","2020","53,841","",
"47","Tennessee","47147","Robertson","2020","72,275","",
"47","Tennessee","47149","Rutherford","2020","339,261","",
"47","Tennessee","47151","Scott","2020","22,090","",
"47","Tennessee","47153","Sequatchie","2020","15,176","",
"47","Tennessee","47155","Sevier","2020","99,244","",
"47","Tennessee","47157","Shelby","2020","936,017","",
"47","Tennessee","47159","Smith","2020","20,285","",
"47","Tennessee","47161","Stewart","2020","13,859","",
"47","Tennessee","47163","Sullivan","2020","158,755","",
"47","Tennessee","47165","Sumner","2020","195,561","",
"47","Tennessee","47167","Tipton","2020","61,918","",
"47","Tennessee","47169","Trousdale","2020","11,455","",
"47","Tennessee","47171","Unicoi","2020","17,755","",
"47","Tennessee","47173","Union","2020","20,187","",
"47","Tennessee","47175","Van Buren","2020","5,947","",
"47","Tennessee","47177","Warren","2020","41,605","",
"47","Tennessee","47179","Washington","2020","130,367","",
"47","Tennessee","47181","Wayne","2020","16,524","",
"47","Tennessee","47183","Weakley","2020","33,334","",
"47","Tennessee","47185","White","2020","27,707","",
"47","Tennessee","47187","Williamson","2020","245,348","",
"47","Tennessee","47189","Wilson","2020","148,130","",
"48","Texas","48001","Anderson","2020","57,805","",
"48","Texas","48003","Andrews","2020","18,879","",
"48","Texas","48005","Angelina","2020","86,796","",
"48","Texas","48007","Aransas","2020","23,814","",
"48","Texas","48009","Archer","2020","8,730","",
"48","Texas","48011","Armstrong","2020","1,869","",
"48","Texas","48013","Atascosa","2020","51,724","",
"48","Texas","48015","Austin","2020","29,972","",
"48","Texas","48017","Bailey","2020","6,697","",
"48","Texas","48019","Bandera","2020","23,861","",
"48","Texas","48021","Bastrop","2020","91,601","",
"48","Texas","48023","Baylor","2020","3,518","",
"48","Texas","48025","Bee","2020","32,513","",
"48","Texas","48027","Bell","2020","369,927","",
"48","Texas","48029","Bexar","2020","2,026,823","",
"48","Texas","48031","Blanco","2020","12,269","",
"48","Texas","48033","Borden","2020","706","",
"48","Texas","48035","Bosque","2020","18,603","",
"48","Texas","48037","Bowie","2020","93,481","",
"48","Texas","48039","Brazoria","2020","380,518","",
"48","Texas","48041","Brazos","2020","232,555","",
"48","Texas","48043","Brewster","2020","9,237","",
"48","Texas","48045","Briscoe","2020","1,487","",
"48","Texas","48047","Brooks","2020","6,964","",
"48","Texas","48049","Brown","2020","37,633","",
"48","Texas","48051","Burleson","2020","18,514","",
"48","Texas","48053","Burnet","2020","49,653","",
"48","Texas","48055","Caldwell","2020","43,979","",
"48","Texas","48057","Calhoun","2020","21,001","",
"48","Texas","48059","Callahan","2020","14,110","",
"48","Texas","48061","Cameron","2020","424,180","",
"48","Texas","48063","Camp","2020","13,060","",
"48","Texas","48065","Carson","2020","5,854","",
"48","Texas","48067","Cass","2020","29,879","",
"48","Texas","48069","Castro","2020","7,396","",
"48","Texas","48071","Chambers","2020","45,590","",
"48","Texas","48073","Cherokee","2020","52,875","",
"48","Texas","48075","Childress","2020","7,143","",
"48","Texas","48077","Clay","2020","10,550","",
"48","Texas","48079","Cochran","2020","2,897","",
"48","Texas","48081","Coke","2020","3,323","",
"48","Texas","48083","Coleman","2020","8,100","",
"48","Texas","48085","Collin","2020","1,072,069","",
"48","Texas","48087","Collingsworth","2020","2,877","",
"48","Texas","48089","Colorado","2020","21,610","",
"48","Texas","48091","Comal","2020","164,812","",
"48","Texas","48093","Comanche","2020","13,750","",
"48","Texas","48095","Concho","2020","2,827","",
"48","Texas","48097","Cooke","2020","41,393","",
"48","Texas","48099","Coryell","2020","76,737","",
"48","Texas","48101","Cottle","2020","1,363","",
"48","Texas","48103","Crane","2020","4,765","",
"48","Texas","48105","Crockett","2020","3,513","",
"48","Texas","48107","Crosby","2020","5,567","",
"48","Texas","48109","Culberson","2020","2,149","",
"48","Texas","48111","Dallam","2020","7,273","",
"48","Texas","48113","Dallas","2020","2,635,888","",
"48","Texas","48115","Dawson","2020","12,974","",
"48","Texas","48117","Deaf Smith","2020","18,277","",
"48","Texas","48119","Delta","2020","5,349","",
"48","Texas","48121","Denton","2020","919,324","",
"48","Texas","48123","DeWitt","2020","20,174","",
"48","Texas","48125","Dickens","2020","2,140","",
"48","Texas","48127","Dimmit","2020","9,925","",
"48","Texas","48129","Donley","2020","3,308","",
"48","Texas","48131","Duval","2020","11,058","",
"48","Texas","48133","Eastland","2020","18,388","",
"48","Texas","48135","Ector","2020","167,701","",
"48","Texas","48137","Edwards","2020","1,923","",
"48","Texas","48141","El Paso","2020","841,286","",
"48","Texas","48139","Ellis","2020","191,760","",
"48","Texas","48143","Erath","2020","43,224","",
"48","Texas","48145","Falls","2020","17,275","",
"48","Texas","48147","Fannin","2020","35,913","",
"48","Texas","48149","Fayette","2020","25,547","",
"48","Texas","48151","Fisher","2020","3,784","",
"48","Texas","48153","Floyd","2020","5,672","",
"48","Texas","48155","Foard","2020","1,135","",
"48","Texas","48157","Fort Bend","2020","839,706","",
"48","Texas","48159","Franklin","2020","10,821","",
"48","Texas","48161","Freestone","2020","19,874","",
"48","Texas","48163","Frio","2020","20,379","",
"48","Texas","48165","Gaines","2020","21,996","",
"48","Texas","48167","Galveston","2020","345,089","",
"48","Texas","48169","Garza","2020","6,222","",
"48","Texas","48171","Gillespie","2020","26,960","",
"48","Texas","48173","Glasscock","2020","1,439","",
"48","Texas","48175","Goliad","2020","7,626","",
"48","Texas","48177","Gonzales","2020","20,948","",
"48","Texas","48179","Gray","2020","21,658","",
"48","Texas","48181","Grayson","2020","138,318","",
"48","Texas","48183","Gregg","2020","124,229","",
"48","Texas","48185","Grimes","2020","29,614","",
"48","Texas","48187","Guadalupe","2020","170,608","",
"48","Texas","48189","Hale","2020","32,754","",
"48","Texas","48191","Hall","2020","2,939","",
"48","Texas","48193","Hamilton","2020","8,557","",
"48","Texas","48195","Hansford","2020","5,279","",
"48","Texas","48197","Hardeman","2020","4,011","",
"48","Texas","48199","Hardin","2020","58,305","",
"48","Texas","48201","Harris","2020","4,738,253","",
"48","Texas","48203","Harrison","2020","66,386","",
"48","Texas","48205","Hartley","2020","5,443","",
"48","Texas","48207","Haskell","2020","5,754","",
"48","Texas","48209","Hays","2020","241,365","",
"48","Texas","48211","Hemphill","2020","3,777","",
"48","Texas","48213","Henderson","2020","83,792","",
"48","Texas","48215","Hidalgo","2020","875,200","",
"48","Texas","48217","Hill","2020","37,006","",
"48","Texas","48219","Hockley","2020","22,921","",
"48","Texas","48221","Hood","2020","63,527","",
"48","Texas","48223","Hopkins","2020","37,170","",
"48","Texas","48225","Houston","2020","22,835","",
"48","Texas","48227","Howard","2020","36,540","",
"48","Texas","48229","Hudspeth","2020","4,906","",
"48","Texas","48231","Hunt","2020","99,807","",
"48","Texas","48233","Hutchinson","2020","20,677","",
"48","Texas","48235","Irion","2020","1,564","",
"48","Texas","48237","Jack","2020","9,056","",
"48","Texas","48239","Jackson","2020","14,854","",
"48","Texas","48241","Jasper","2020","35,375","",
"48","Texas","48243","Jeff Davis","2020","2,220","",
"48","Texas","48245","Jefferson","2020","250,127","",
"48","Texas","48247","Jim Hogg","2020","5,184","",
"48","Texas","48249","Jim Wells","2020","40,452","",
"48","Texas","48251","Johnson","2020","179,575","",
"48","Texas","48253","Jones","2020","19,875","",
"48","Texas","48255","Karnes","2020","15,562","",
"48","Texas","48257","Kaufman","2020","143,198","",
"48","Texas","48259","Kendall","2020","48,523","",
"48","Texas","48261","Kenedy","2020","379","",
"48","Texas","48263","Kent","2020","786","",
"48","Texas","48265","Kerr","2020","52,869","",
"48","Texas","48267","Kimble","2020","4,396","",
"48","Texas","48269","King","2020","283","",
"48","Texas","48271","Kinney","2020","3,670","",
"48","Texas","48273","Kleberg","2020","30,338","",
"48","Texas","48275","Knox","2020","3,683","",
"48","Texas","48283","La Salle","2020","7,500","",
"48","Texas","48277","Lamar","2020","49,905","",
"48","Texas","48279","Lamb","2020","12,710","",
"48","Texas","48281","Lampasas","2020","21,789","",
"48","Texas","48285","Lavaca","2020","20,216","",
"48","Texas","48287","Lee","2020","17,397","",
"48","Texas","48289","Leon","2020","17,493","",
"48","Texas","48291","Liberty","2020","91,547","",
"48","Texas","48293","Limestone","2020","23,340","",
"48","Texas","48295","Lipscomb","2020","3,111","",
"48","Texas","48297","Live Oak","2020","12,324","",
"48","Texas","48299","Llano","2020","21,958","",
"48","Texas","48301","Loving","2020","181","",
"48","Texas","48303","Lubbock","2020","314,772","",
"48","Texas","48305","Lynn","2020","6,025","",
"48","Texas","48313","Madison","2020","14,427","",
"48","Texas","48315","Marion","2020","9,960","",
"48","Texas","48317","Martin","2020","5,816","",
"48","Texas","48319","Mason","2020","4,344","",
"48","Texas","48321","Matagorda","2020","36,725","",
"48","Texas","48323","Maverick","2020","58,378","",
"48","Texas","48307","McCulloch","2020","7,823","",
"48","Texas","48309","McLennan","2020","259,730","",
"48","Texas","48311","McMullen","2020","721","",
"48","Texas","48325","Medina","2020","52,358","",
"48","Texas","48327","Menard","2020","2,124","",
"48","Texas","48329","Midland","2020","177,863","",
"48","Texas","48331","Milam","2020","24,708","",
"48","Texas","48333","Mills","2020","4,840","",
"48","Texas","48335","Mitchell","2020","8,202","",
"48","Texas","48337","Montague","2020","19,962","",
"48","Texas","48339","Montgomery","2020","626,351","",
"48","Texas","48341","Moore","2020","20,654","",
"48","Texas","48343","Morris","2020","12,393","",
"48","Texas","48345","Motley","2020","1,185","",
"48","Texas","48347","Nacogdoches","2020","64,753","",
"48","Texas","48349","Navarro","2020","50,694","",
"48","Texas","48351","Newton","2020","13,414","",
"48","Texas","48353","Nolan","2020","14,835","",
"48","Texas","48355","Nueces","2020","363,148","",
"48","Texas","48357","Ochiltree","2020","9,598","",
"48","Texas","48359","Oldham","2020","2,135","",
"48","Texas","48361","Orange","2020","82,878","",
"48","Texas","48363","Palo Pinto","2020","29,320","",
"48","Texas","48365","Panola","2020","23,187","",
"48","Texas","48367","Parker","2020","148,198","",
"48","Texas","48369","Parmer","2020","9,522","",
"48","Texas","48371","Pecos","2020","15,718","",
"48","Texas","48373","Polk","2020","52,995","",
"48","Texas","48375","Potter","2020","116,004","",
"48","Texas","48377","Presidio","2020","6,508","",
"48","Texas","48379","Rains","2020","12,552","",
"48","Texas","48381","Randall","2020","139,899","",
"48","Texas","48383","Reagan","2020","3,833","",
"48","Texas","48385","Real","2020","3,411","",
"48","Texas","48387","Red River","2020","11,995","",
"48","Texas","48389","Reeves","2020","15,949","",
"48","Texas","48391","Refugio","2020","6,877","",
"48","Texas","48393","Roberts","2020","813","",
"48","Texas","48395","Robertson","2020","17,155","",
"48","Texas","48397","Rockwall","2020","109,888","",
"48","Texas","48399","Runnels","2020","10,401","",
"48","Texas","48401","Rusk","2020","54,324","",
"48","Texas","48403","Sabine","2020","10,507","",
"48","Texas","48405","San Augustine","2020","8,248","",
"48","Texas","48407","San Jacinto","2020","29,301","",
"48","Texas","48409","San Patricio","2020","67,069","",
"48","Texas","48411","San Saba","2020","6,039","",
"48","Texas","48413","Schleicher","2020","2,761","",
"48","Texas","48415","Scurry","2020","16,662","",
"48","Texas","48417","Shackelford","2020","3,300","",
"48","Texas","48419","Shelby","2020","24,915","",
"48","Texas","48421","Sherman","2020","3,027","",
"48","Texas","48423","Smith","2020","235,806","",
"48","Texas","48425","Somervell","2020","9,139","",
"48","Texas","48427","Starr","2020","64,266","",
"48","Texas","48429","Stephens","2020","9,334","",
"48","Texas","48431","Sterling","2020","1,315","",
"48","Texas","48433","Stonewall","2020","1,348","",
"48","Texas","48435","Sutton","2020","3,738","",
"48","Texas","48437","Swisher","2020","7,340","",
"48","Texas","48439","Tarrant","2020","2,123,347","",
"48","Texas","48441","Taylor","2020","139,200","",
"48","Texas","48443","Terrell","2020","702","",
"48","Texas","48445","Terry","2020","12,183","",
"48","Texas","48447","Throckmorton","2020","1,487","",
"48","Texas","48449","Titus","2020","32,926","",
"48","Texas","48451","Tom Green","2020","120,010","",
"48","Texas","48453","Travis","2020","1,300,503","",
"48","Texas","48455","Trinity","2020","14,883","",
"48","Texas","48457","Tyler","2020","21,591","",
"48","Texas","48459","Upshur","2020","42,166","",
"48","Texas","48461","Upton","2020","3,623","",
"48","Texas","48463","Uvalde","2020","26,742","",
"48","Texas","48465","Val Verde","2020","49,028","",
"48","Texas","48467","Van Zandt","2020","57,533","",
"48","Texas","48469","Victoria","2020","91,936","",
"48","Texas","48471","Walker","2020","72,164","",
"48","Texas","48473","Waller","2020","57,452","",
"48","Texas","48475","Ward","2020","12,097","",
"48","Texas","48477","Washington","2020","35,771","",
"48","Texas","48479","Webb","2020","277,681","",
"48","Texas","48481","Wharton","2020","41,685","",
"48","Texas","48483","Wheeler","2020","4,946","",
"48","Texas","48485","Wichita","2020","133,205","",
"48","Texas","48487","Wilbarger","2020","12,552","",
"48","Texas","48489","Willacy","2020","21,161","",
"48","Texas","48491","Williamson","2020","617,855","",
"48","Texas","48493","Wilson","2020","52,023","",
"48","Texas","48495","Winkler","2020","7,887","",
"48","Texas","48497","Wise","2020","71,084","",
"48","Texas","48499","Wood","2020","46,291","",
"48","Texas","48501","Yoakum","2020","8,702","",
"48","Texas","48503","Young","2020","17,904","",
"48","Texas","48505","Zapata","2020","14,172","",
"48","Texas","48507","Zavala","2020","11,840","",
"49","Utah","49001","Beaver","2020","6,761","",
"49","Utah","49003","Box Elder","2020","57,007","",
"49","Utah","49005","Cache","2020","130,004","",
"49","Utah","49007","Carbon","2020","20,760","",
"49","Utah","49009","Daggett","2020","1,026","",
"49","Utah","49011","Davis","2020","359,232","",
"49","Utah","49013","Duchesne","2020","19,894","",
"49","Utah","49015","Emery","2020","10,147","",
"49","Utah","49017","Garfield","2020","5,050","",
"49","Utah","49019","Grand","2020","9,796","",
"49","Utah","49021","Iron","2020","56,814","",
"49","Utah","49023","Juab","2020","12,122","",
"49","Utah","49025","Kane","2020","7,914","",
"49","Utah","49027","Millard","2020","13,327","",
"49","Utah","49029","Morgan","2020","12,462","",
"49","Utah","49031","Piute","2020","1,473","",
"49","Utah","49033","Rich","2020","2,452","",
"49","Utah","49035","Salt Lake","2020","1,165,517","",
"49","Utah","49037","San Juan","2020","15,278","",
"49","Utah","49039","Sanpete","2020","31,393","",
"49","Utah","49041","Sevier","2020","21,780","",
"49","Utah","49043","Summit","2020","42,499","",
"49","Utah","49045","Tooele","2020","74,512","",
"49","Utah","49047","Uintah","2020","35,970","",
"49","Utah","49049","Utah","2020","651,059","",
"49","Utah","49051","Wasatch","2020","35,300","",
"49","Utah","49053","Washington","2020","184,913","",
"49","Utah","49055","Wayne","2020","2,759","",
"49","Utah","49057","Weber","2020","262,658","",
"50","Vermont","50001","Addison","2020","36,851","",
"50","Vermont","50003","Bennington","2020","35,338","",
"50","Vermont","50005","Caledonia","2020","29,705","",
"50","Vermont","50007","Chittenden","2020","164,306","",
"50","Vermont","50009","Essex","2020","6,123","",
"50","Vermont","50011","Franklin","2020","49,685","",
"50","Vermont","50013","Grand Isle","2020","7,169","",
"50","Vermont","50015","Lamoille","2020","25,341","",
"50","Vermont","50017","Orange","2020","28,837","",
"50","Vermont","50019","Orleans","2020","26,897","",
"50","Vermont","50021","Rutland","2020","57,764","",
"50","Vermont","50023","Washington","2020","58,328","",
"50","Vermont","50025","Windham","2020","42,015","",
"50","Vermont","50027","Windsor","2020","54,988","",
"51","Virginia","51001","Accomack","2020","32,238","",
"51","Virginia","51003","Albemarle","2020","110,652","",
"51","Virginia","51510","Alexandria","2020","158,726","",
"51","Virginia","51005","Alleghany","2020","14,701","",
"51","Virginia","51007","Amelia","2020","13,014","",
"51","Virginia","51009","Amherst","2020","31,667","",
"51","Virginia","51011","Appomattox","2020","16,043","",
"51","Virginia","51013","Arlington","2020","240,119","",
"51","Virginia","51015","Augusta","2020","76,544","",
"51","Virginia","51017","Bath","2020","4,119","",
"51","Virginia","51019","Bedford","2020","79,811","",
"51","Virginia","51021","Bland","2020","6,239","",
"51","Virginia","51023","Botetourt","2020","33,633","",
"51","Virginia","51520","Bristol","2020","17,329","",
"51","Virginia","51025","Brunswick","2020","16,037","",
"51","Virginia","51027","Buchanan","2020","20,613","",
"51","Virginia","51029","Buckingham","2020","17,168","",
"51","Virginia","51530","Buena Vista","2020","6,402","",
"51","Virginia","51031","Campbell","2020","55,304","",
"51","Virginia","51033","Caroline","2020","30,860","",
"51","Virginia","51035","Carroll","2020","30,074","",
"51","Virginia","51036","Charles City","2020","6,821","",
"51","Virginia","51037","Charlotte","2020","11,820","",
"51","Virginia","51540","Charlottesville","2020","46,950","",
"51","Virginia","51550","Chesapeake","2020","247,011","",
"51","Virginia","51041","Chesterfield","2020","358,245","",
"51","Virginia","51043","Clarke","2020","14,622","",
"51","Virginia","51570","Colonial Heights","2020","17,205","",
"51","Virginia","51580","Covington","2020","5,639","",
"51","Virginia","51045","Craig","2020","5,077","",
"51","Virginia","51047","Culpeper","2020","53,569","",
"51","Virginia","51049","Cumberland","2020","9,933","",
"51","Virginia","51590","Danville","2020","39,869","",
"51","Virginia","51051","Dickenson","2020","14,078","",
"51","Virginia","51053","Dinwiddie","2020","28,688","",
"51","Virginia","51595","Emporia","2020","5,257","",
"51","Virginia","51057","Essex","2020","10,943","",
"51","Virginia","51059","Fairfax","2020","1,150,847","",
"51","Virginia","51600","Fairfax City","2020","23,429","",
"51","Virginia","51610","Falls Church","2020","14,631","",
"51","Virginia","51061","Fauquier","2020","71,361","",
"51","Virginia","51063","Floyd","2020","15,777","",
"51","Virginia","51065","Fluvanna","2020","27,422","",
"51","Virginia","51067","Franklin","2020","56,167","",
"51","Virginia","51620","Franklin City","2020","7,833","",
"51","Virginia","51069","Frederick","2020","91,119","",
"51","Virginia","51630","Fredericksburg","2020","29,492","",
"51","Virginia","51640","Galax","2020","6,296","",
"51","Virginia","51071","Giles","2020","16,663","",
"51","Virginia","51073","Gloucester","2020","37,459","",
"51","Virginia","51075","Goochland","2020","24,431","",
"51","Virginia","51077","Grayson","2020","15,493","",
"51","Virginia","51079","Greene","2020","20,131","",
"51","Virginia","51081","Greensville","2020","11,280","",
"51","Virginia","51083","Halifax","2020","33,633","",
"51","Virginia","51650","Hampton","2020","135,464","",
"51","Virginia","51085","Hanover","2020","108,262","",
"51","Virginia","51660","Harrisonburg","2020","53,204","",
"51","Virginia","51087","Henrico","2020","333,766","",
"51","Virginia","51089","Henry","2020","50,309","",
"51","Virginia","51091","Highland","2020","2,200","",
"51","Virginia","51670","Hopewell","2020","22,375","",
"51","Virginia","51093","Isle of Wight","2020","37,725","",
"51","Virginia","51095","James City","2020","77,612","",
"51","Virginia","51097","King and Queen","2020","6,942","",
"51","Virginia","51099","King George","2020","27,381","",
"51","Virginia","51101","King William","2020","17,641","",
"51","Virginia","51103","Lancaster","2020","10,618","",
"51","Virginia","51105","Lee","2020","23,238","",
"51","Virginia","51678","Lexington","2020","7,279","",
"51","Virginia","51107","Loudoun","2020","422,784","",
"51","Virginia","51109","Louisa","2020","38,132","",
"51","Virginia","51111","Lunenburg","2020","12,267","",
"51","Virginia","51680","Lynchburg","2020","81,561","",
"51","Virginia","51113","Madison","2020","13,312","",
"51","Virginia","51683","Manassas","2020","40,869","",
"51","Virginia","51685","Manassas Park","2020","18,004","",
"51","Virginia","51690","Martinsville","2020","12,355","",
"51","Virginia","51115","Mathews","2020","8,766","",
"51","Virginia","51117","Mecklenburg","2020","30,679","",
"51","Virginia","51119","Middlesex","2020","10,569","",
"51","Virginia","51121","Montgomery","2020","98,391","",
"51","Virginia","51125","Nelson","2020","14,755","",
"51","Virginia","51127","New Kent","2020","23,648","",
"51","Virginia","51700","Newport News","2020","179,062","",
"51","Virginia","51710","Norfolk","2020","242,803","",
"51","Virginia","51131","Northampton","2020","11,673","",
"51","Virginia","51133","Northumberland","2020","12,069","",
"51","Virginia","51720","Norton","2020","3,985","",
"51","Virginia","51135","Nottoway","2020","15,160","",
"51","Virginia","51137","Orange","2020","37,695","",
"51","Virginia","51139","Page","2020","23,933","",
"51","Virginia","51141","Patrick","2020","17,493","",
"51","Virginia","51730","Petersburg","2020","30,446","",
"51","Virginia","51143","Pittsylvania","2020","59,850","",
"51","Virginia","51735","Poquoson","2020","12,257","",
"51","Virginia","51740","Portsmouth","2020","95,094","",
"51","Virginia","51145","Powhatan","2020","30,148","",
"51","Virginia","51147","Prince Edward","2020","23,006","",
"51","Virginia","51149","Prince George","2020","38,686","",
"51","Virginia","51153","Prince William","2020","475,533","",
"51","Virginia","51155","Pulaski","2020","33,935","",
"51","Virginia","51750","Radford","2020","18,255","",
"51","Virginia","51157","Rappahannock","2020","7,260","",
"51","Virginia","51159","Richmond","2020","9,071","",
"51","Virginia","51760","Richmond City","2020","232,226","",
"51","Virginia","51161","Roanoke","2020","94,509","",
"51","Virginia","51770","Roanoke City","2020","99,058","",
"51","Virginia","51163","Rockbridge","2020","22,757","",
"51","Virginia","51165","Rockingham","2020","82,346","",
"51","Virginia","51167","Russell","2020","26,647","",
"51","Virginia","51775","Salem","2020","25,340","",
"51","Virginia","51169","Scott","2020","21,629","",
"51","Virginia","51171","Shenandoah","2020","43,905","",
"51","Virginia","51173","Smyth","2020","30,090","",
"51","Virginia","51175","Southampton","2020","17,636","",
"51","Virginia","51177","Spotsylvania","2020","138,449","",
"51","Virginia","51179","Stafford","2020","156,748","",
"51","Virginia","51790","Staunton","2020","25,190","",
"51","Virginia","51800","Suffolk","2020","93,913","",
"51","Virginia","51181","Surry","2020","6,385","",
"51","Virginia","51183","Sussex","2020","10,925","",
"51","Virginia","51185","Tazewell","2020","40,529","",
"51","Virginia","51810","Virginia Beach","2020","451,231","",
"51","Virginia","51187","Warren","2020","40,475","",
"51","Virginia","51191","Washington","2020","53,695","",
"51","Virginia","51820","Waynesboro","2020","22,741","",
"51","Virginia","51193","Westmoreland","2020","18,149","",
"51","Virginia","51830","Williamsburg","2020","15,259","",
"51","Virginia","51840","Winchester","2020","27,700","",
"51","Virginia","51195","Wise","2020","37,206","",
"51","Virginia","51197","Wythe","2020","28,620","",
"51","Virginia","51199","York","2020","69,199","",
"53","Washington","53001","Adams","2020","20,027","",
"53","Washington","53003","Asotin","2020","22,820","",
"53","Washington","53005","Benton","2020","206,426","",
"53","Washington","53007","Chelan","2020","77,574","",
"53","Washington","53009","Clallam","2020","78,067","",
"53","Washington","53011","Clark","2020","496,865","",
"53","Washington","53013","Columbia","2020","4,048","",
"53","Washington","53015","Cowlitz","2020","111,371","",
"53","Washington","53017","Douglas","2020","43,560","",
"53","Washington","53019","Ferry","2020","7,759","",
"53","Washington","53021","Franklin","2020","97,075","",
"53","Washington","53023","Garfield","2020","2,290","",
"53","Washington","53025","Grant","2020","99,377","",
"53","Washington","53027","Grays Harbor","2020","75,950","",
"53","Washington","53029","Island","2020","86,014","",
"53","Washington","53031","Jefferson","2020","32,700","",
"53","Washington","53033","King","2020","2,274,315","",
"53","Washington","53035","Kitsap","2020","272,787","",
"53","Washington","53037","Kittitas","2020","49,204","",
"53","Washington","53039","Klickitat","2020","22,697","",
"53","Washington","53041","Lewis","2020","82,109","",
"53","Washington","53043","Lincoln","2020","11,090","",
"53","Washington","53045","Mason","2020","68,224","",
"53","Washington","53047","Okanogan","2020","42,620","",
"53","Washington","53049","Pacific","2020","22,984","",
"53","Washington","53051","Pend Oreille","2020","14,144","",
"53","Washington","53053","Pierce","2020","913,890","",
"53","Washington","53055","San Juan","2020","17,492","",
"53","Washington","53057","Skagit","2020","130,789","",
"53","Washington","53059","Skamania","2020","12,107","",
"53","Washington","53061","Snohomish","2020","830,393","",
"53","Washington","53063","Spokane","2020","528,225","",
"53","Washington","53065","Stevens","2020","46,360","",
"53","Washington","53067","Thurston","2020","294,074","",
"53","Washington","53069","Wahkiakum","2020","4,498","",
"53","Washington","53071","Walla Walla","2020","61,292","",
"53","Washington","53073","Whatcom","2020","231,016","",
"53","Washington","53075","Whitman","2020","49,500","",
"53","Washington","53077","Yakima","2020","251,879","",
"54","West Virginia","54001","Barbour","2020","16,444","",
"54","West Virginia","54003","Berkeley","2020","122,125","",
"54","West Virginia","54005","Boone","2020","21,055","",
"54","West Virginia","54007","Braxton","2020","13,702","",
"54","West Virginia","54009","Brooke","2020","21,674","",
"54","West Virginia","54011","Cabell","2020","91,589","",
"54","West Virginia","54013","Calhoun","2020","6,945","",
"54","West Virginia","54015","Clay","2020","8,341","",
"54","West Virginia","54017","Doddridge","2020","8,368","",
"54","West Virginia","54019","Fayette","2020","42,062","",
"54","West Virginia","54021","Gilmer","2020","7,811","",
"54","West Virginia","54023","Grant","2020","11,510","",
"54","West Virginia","54025","Greenbrier","2020","34,319","",
"54","West Virginia","54027","Hampshire","2020","23,190","",
"54","West Virginia","54029","Hancock","2020","28,571","",
"54","West Virginia","54031","Hardy","2020","13,633","",
"54","West Virginia","54033","Harrison","2020","66,870","",
"54","West Virginia","54035","Jackson","2020","28,453","",
"54","West Virginia","54037","Jefferson","2020","57,486","",
"54","West Virginia","54039","Kanawha","2020","176,253","",
"54","West Virginia","54041","Lewis","2020","15,805","",
"54","West Virginia","54043","Lincoln","2020","20,043","",
"54","West Virginia","54045","Logan","2020","31,688","",
"54","West Virginia","54049","Marion","2020","55,962","",
"54","West Virginia","54051","Marshall","2020","30,103","",
"54","West Virginia","54053","Mason","2020","26,335","",
"54","West Virginia","54047","McDowell","2020","16,916","",
"54","West Virginia","54055","Mercer","2020","58,258","",
"54","West Virginia","54057","Mineral","2020","26,722","",
"54","West Virginia","54059","Mingo","2020","22,951","",
"54","West Virginia","54061","Monongalia","2020","106,819","",
"54","West Virginia","54063","Monroe","2020","13,229","",
"54","West Virginia","54065","Morgan","2020","17,873","",
"54","West Virginia","54067","Nicholas","2020","24,340","",
"54","West Virginia","54069","Ohio","2020","41,182","",
"54","West Virginia","54071","Pendleton","2020","6,932","",
"54","West Virginia","54073","Pleasants","2020","7,438","",
"54","West Virginia","54075","Pocahontas","2020","8,190","",
"54","West Virginia","54077","Preston","2020","33,380","",
"54","West Virginia","54079","Putnam","2020","56,428","",
"54","West Virginia","54081","Raleigh","2020","72,920","",
"54","West Virginia","54083","Randolph","2020","28,387","",
"54","West Virginia","54085","Ritchie","2020","9,499","",
"54","West Virginia","54087","Roane","2020","13,482","",
"54","West Virginia","54089","Summers","2020","12,444","",
"54","West Virginia","54091","Taylor","2020","16,699","",
"54","West Virginia","54093","Tucker","2020","6,816","",
"54","West Virginia","54095","Tyler","2020","8,533","",
"54","West Virginia","54097","Upshur","2020","24,230","",
"54","West Virginia","54099","Wayne","2020","39,054","",
"54","West Virginia","54101","Webster","2020","8,058","",
"54","West Virginia","54103","Wetzel","2020","14,904","",
"54","West Virginia","54105","Wirt","2020","5,705","",
"54","West Virginia","54107","Wood","2020","82,938","",
"54","West Virginia","54109","Wyoming","2020","20,123","",
"55","Wisconsin","55001","Adams","2020","20,498","",
"55","Wisconsin","55003","Ashland","2020","15,415","",
"55","Wisconsin","55005","Barron","2020","45,090","",
"55","Wisconsin","55007","Bayfield","2020","15,242","",
"55","Wisconsin","55009","Brown","2020","264,610","",
"55","Wisconsin","55011","Buffalo","2020","13,033","",
"55","Wisconsin","55013","Burnett","2020","15,557","",
"55","Wisconsin","55015","Calumet","2020","50,209","",
"55","Wisconsin","55017","Chippewa","2020","64,737","",
"55","Wisconsin","55019","Clark","2020","34,720","",
"55","Wisconsin","55021","Columbia","2020","57,668","",
"55","Wisconsin","55023","Crawford","2020","16,021","",
"55","Wisconsin","55025","Dane","2020","552,536","",
"55","Wisconsin","55027","Dodge","2020","87,336","",
"55","Wisconsin","55029","Door","2020","27,889","",
"55","Wisconsin","55031","Douglas","2020","43,702","",
"55","Wisconsin","55033","Dunn","2020","45,452","",
"55","Wisconsin","55035","Eau Claire","2020","105,260","",
"55","Wisconsin","55037","Florence","2020","4,298","",
"55","Wisconsin","55039","Fond du Lac","2020","102,902","",
"55","Wisconsin","55041","Forest","2020","8,960","",
"55","Wisconsin","55043","Grant","2020","51,021","",
"55","Wisconsin","55045","Green","2020","36,603","",
"55","Wisconsin","55047","Green Lake","2020","18,908","",
"55","Wisconsin","55049","Iowa","2020","23,640","",
"55","Wisconsin","55051","Iron","2020","5,698","",
"55","Wisconsin","55053","Jackson","2020","20,630","",
"55","Wisconsin","55055","Jefferson","2020","85,038","",
"55","Wisconsin","55057","Juneau","2020","26,908","",
"55","Wisconsin","55059","Kenosha","2020","169,671","",
"55","Wisconsin","55061","Kewaunee","2020","20,386","",
"55","Wisconsin","55063","La Crosse","2020","118,502","",
"55","Wisconsin","55065","Lafayette","2020","16,646","",
"55","Wisconsin","55067","Langlade","2020","19,119","",
"55","Wisconsin","55069","Lincoln","2020","27,566","",
"55","Wisconsin","55071","Manitowoc","2020","78,757","",
"55","Wisconsin","55073","Marathon","2020","135,593","",
"55","Wisconsin","55075","Marinette","2020","40,262","",
"55","Wisconsin","55077","Marquette","2020","15,585","",
"55","Wisconsin","55078","Menominee","2020","4,546","",
"55","Wisconsin","55079","Milwaukee","2020","945,016","",
"55","Wisconsin","55081","Monroe","2020","46,582","",
"55","Wisconsin","55083","Oconto","2020","38,383","",
"55","Wisconsin","55085","Oneida","2020","35,751","",
"55","Wisconsin","55087","Outagamie","2020","188,766","",
"55","Wisconsin","55089","Ozaukee","2020","90,043","",
"55","Wisconsin","55091","Pepin","2020","7,271","",
"55","Wisconsin","55093","Pierce","2020","42,700","",
"55","Wisconsin","55095","Polk","2020","43,794","",
"55","Wisconsin","55097","Portage","2020","71,032","",
"55","Wisconsin","55099","Price","2020","13,245","",
"55","Wisconsin","55101","Racine","2020","195,802","",
"55","Wisconsin","55103","Richland","2020","17,258","",
"55","Wisconsin","55105","Rock","2020","163,084","",
"55","Wisconsin","55107","Rusk","2020","14,022","",
"55","Wisconsin","55111","Sauk","2020","64,449","",
"55","Wisconsin","55113","Sawyer","2020","16,700","",
"55","Wisconsin","55115","Shawano","2020","40,786","",
"55","Wisconsin","55117","Sheboygan","2020","115,240","",
"55","Wisconsin","55109","St. Croix","2020","91,838","",
"55","Wisconsin","55119","Taylor","2020","20,318","",
"55","Wisconsin","55121","Trempealeau","2020","29,681","",
"55","Wisconsin","55123","Vernon","2020","30,861","",
"55","Wisconsin","55125","Vilas","2020","22,356","",
"55","Wisconsin","55127","Walworth","2020","103,953","",
"55","Wisconsin","55129","Washburn","2020","15,712","",
"55","Wisconsin","55131","Washington","2020","136,445","",
"55","Wisconsin","55133","Waukesha","2020","406,172","",
"55","Wisconsin","55135","Waupaca","2020","50,664","",
"55","Wisconsin","55137","Waushara","2020","24,326","",
"55","Wisconsin","55139","Winnebago","2020","171,631","",
"55","Wisconsin","55141","Wood","2020","72,560","",
"56","Wyoming","56001","Albany","2020","38,950","",
"56","Wyoming","56003","Big Horn","2020","11,575","",
"56","Wyoming","56005","Campbell","2020","46,676","",
"56","Wyoming","56007","Carbon","2020","14,711","",
"56","Wyoming","56009","Converse","2020","13,804","",
"56","Wyoming","56011","Crook","2020","7,593","",
"56","Wyoming","56013","Fremont","2020","39,317","",
"56","Wyoming","56015","Goshen","2020","13,235","",
"56","Wyoming","56017","Hot Springs","2020","4,425","",
"56","Wyoming","56019","Johnson","2020","8,588","",
"56","Wyoming","56021","Laramie","2020","100,595","",
"56","Wyoming","56023","Lincoln","2020","20,253","",
"56","Wyoming","56025","Natrona","2020","80,815","",
"56","Wyoming","56027","Niobrara","2020","2,275","",
"56","Wyoming","56029","Park","2020","29,331","",
"56","Wyoming","56031","Platte","2020","8,578","",
"56","Wyoming","56033","Sheridan","2020","30,863","",
"56","Wyoming","56035","Sublette","2020","9,856","",
"56","Wyoming","56037","Sweetwater","2020","42,673","",
"56","Wyoming","56039","Teton","2020","23,497","",
"56","Wyoming","56041","Uinta","2020","20,215","",
"56","Wyoming","56043","Washakie","2020","7,760","",
"56","Wyoming","56045","Weston","2020","6,743","",
